uri:ID,name,:LABEL
http://www.wikidata.org/entity/Q157394,Fantasy Film,Category
http://www.wikidata.org/entity/Q188473,Action Film,Category
http://www.wikidata.org/entity/Q319221,Adventure Film,Category
http://www.wikidata.org/entity/Q468478,Space Opera,Category
http://www.wikidata.org/entity/Q471839,Science Fiction Film,Category
http://www.wikidata.org/entity/Q130232,Drama Film,Category
http://www.wikidata.org/entity/Q2484376,Thriller Film,Category
http://www.wikidata.org/entity/Q7444356,Gangster Film,Category
http://www.wikidata.org/entity/Q52162262,Film Based On Literature,Category
http://www.wikidata.org/entity/Q20656232,Science Fiction Action Film,Category
http://www.wikidata.org/entity/Q369747,War Film,Category
http://www.wikidata.org/entity/Q645928,Biographical Film,Category
http://www.wikidata.org/entity/Q663106,Buddy Film,Category
http://www.wikidata.org/entity/Q200092,Horror Film,Category
http://www.wikidata.org/entity/Q590103,Psychological Thriller,Category
http://www.wikidata.org/entity/Q604725,Psychological Horror,Category
http://www.wikidata.org/entity/Q959790,Crime Film,Category
http://www.wikidata.org/entity/Q20442589,LGBT-Related Film,Category
http://www.wikidata.org/entity/Q586250,Prison Film,Category
http://www.wikidata.org/entity/Q174526,Cyberpunk,Category
http://www.wikidata.org/entity/Q1341051,Post-Apocalyptic Film,Category
http://www.wikidata.org/entity/Q3990883,Action Thriller,Category
http://www.wikidata.org/entity/Q20443008,Dystopian Film,Category
http://www.wikidata.org/entity/Q157443,Comedy Film,Category
http://www.wikidata.org/entity/Q192881,Tragicomedy,Category
http://www.wikidata.org/entity/Q860626,Romantic Comedy,Category
http://www.wikidata.org/entity/Q2975633,Coming-Of-Age Story,Category
http://www.wikidata.org/entity/Q7168625,Historical Period Drama,Category
http://www.wikidata.org/entity/Q21401869,Flashback Film,Category
http://www.wikidata.org/entity/Q182015,Thriller,Category
http://www.wikidata.org/entity/Q21010853,Drama,Category
http://www.wikidata.org/entity/Q22981906,Treasure Hunt Film,Category
http://www.wikidata.org/entity/Q859369,Comedy-Drama,Category
http://www.wikidata.org/entity/Q186424,Detective Fiction,Category
http://www.wikidata.org/entity/Q496523,Heist Film,Category
http://www.wikidata.org/entity/Q1200678,Mystery Film,Category
http://www.wikidata.org/entity/Q2421031,Neo-Noir,Category
http://www.wikidata.org/entity/Q1146335,Teen Film,Category
http://www.wikidata.org/entity/Q2973181,Speculative Fiction Film,Category
http://www.wikidata.org/entity/Q5778924,Black Comedy Film,Category
http://www.wikidata.org/entity/Q846544,Disaster Film,Category
http://www.wikidata.org/entity/Q2447078,Alien Invasion,Category
http://www.wikidata.org/entity/Q4984974,Buddy Cop,Category
http://www.wikidata.org/entity/Q622370,Docudrama,Category
http://www.wikidata.org/entity/Q15898171,Survival Film,Category
http://www.wikidata.org/entity/Q17013749,Historical Film,Category
http://www.wikidata.org/entity/Q1535153,Superhero Film,Category
http://www.wikidata.org/entity/Q1433443,Peplum Film Genre,Category
http://www.wikidata.org/entity/Q1919632,Melodrama,Category
http://www.wikidata.org/entity/Q2297927,Spy Film,Category
http://www.wikidata.org/entity/Q842256,Musical Film,Category
http://www.wikidata.org/entity/Q28968511,Traditionally Animated Film,Category
http://www.wikidata.org/entity/Q172980,Western Film,Category
http://www.wikidata.org/entity/Q19367312,Crime Thriller,Category
http://www.wikidata.org/entity/Q2143665,Children's Film,Category
http://www.wikidata.org/entity/Q191489,Melodrama,Category
http://www.wikidata.org/entity/Q1054574,Romance Film,Category
http://www.wikidata.org/entity/Q1786567,Medical Drama,Category
http://www.wikidata.org/entity/Q1342372,Monster Film,Category
http://www.wikidata.org/entity/Q180774,Dystopia,Category
http://www.wikidata.org/entity/Q185867,Film Noir,Category
http://www.wikidata.org/entity/Q1894374,Tech Noir,Category
http://www.wikidata.org/entity/Q222639,Swashbuckler Film,Category
http://www.wikidata.org/entity/Q2678111,Action Comedy Film,Category
http://www.wikidata.org/entity/Q542475,Costume Drama,Category
http://www.wikidata.org/entity/Q622548,Parody Film,Category
http://www.wikidata.org/entity/Q10654943,Knight Film,Category
http://www.wikidata.org/entity/Q28026639,Christmas Film,Category
http://www.wikidata.org/entity/Q858330,Romance Novel,Category
http://www.wikidata.org/entity/Q11366,Alternative Rock,Category
http://www.wikidata.org/entity/Q248583,Screwball Comedy Film,Category
http://www.wikidata.org/entity/Q169672,Samurai Cinema,Category
http://www.wikidata.org/entity/Q1033891,Martial Arts Film,Category
http://www.wikidata.org/entity/Q1776156,Girls With Guns,Category
http://www.wikidata.org/entity/Q2642760,Vigilante Film,Category
http://www.wikidata.org/entity/Q15858553,Wuxia Film,Category
http://www.wikidata.org/entity/Q2254193,Rape And Revenge Film,Category
http://www.wikidata.org/entity/Q202866,Animated Film,Category
http://www.wikidata.org/entity/Q5151497,Comedy Of Remarriage,Category
http://www.wikidata.org/entity/Q224700,Comedy Horror,Category
http://www.wikidata.org/entity/Q1361932,Family Film,Category
http://www.wikidata.org/entity/Q622291,Political Thriller,Category
http://www.wikidata.org/entity/Q66948581,Ghost Film,Category
http://www.wikidata.org/entity/Q652256,Epic Film,Category
http://www.wikidata.org/entity/Q66914288,Space Adventure Film,Category
http://www.wikidata.org/entity/Q2137852,Vampire Film,Category
http://www.wikidata.org/entity/Q21192427,Fictional Crossover,Category
http://www.wikidata.org/entity/Q3745430,Satirical Film,Category
http://www.wikidata.org/entity/Q761469,Comic Science Fiction,Category
http://www.wikidata.org/entity/Q4686573,Adventure Science Fiction,Category
http://www.wikidata.org/entity/Q580850,Techno-Thriller,Category
http://www.wikidata.org/entity/Q7210294,Political Drama,Category
http://www.wikidata.org/entity/Q24925,Science Fiction,Category
http://www.wikidata.org/entity/Q904447,Military Science Fiction,Category
http://www.wikidata.org/entity/Q25110269,Live-Action/Animated Film,Category
http://www.wikidata.org/entity/Q7311396,Religious Satire,Category
http://www.wikidata.org/entity/Q599558,Erotic Film,Category
http://www.wikidata.org/entity/Q853630,Slasher Film,Category
http://www.wikidata.org/entity/Q1615638,Submarine Film,Category
http://www.wikidata.org/entity/Q643873,Legal Drama,Category
http://www.wikidata.org/entity/Q15637301,Fantasy Anime And Manga,Category
http://www.wikidata.org/entity/Q53911753,Isekai,Category
http://www.wikidata.org/entity/Q224989,Alternate History,Category
http://www.wikidata.org/entity/Q3272147,Found Footage,Category
http://www.wikidata.org/entity/Q624771,Slapstick,Category
http://www.wikidata.org/entity/Q3072039,Trial Film,Category
http://www.wikidata.org/entity/Q1788980,Crime-Comedy Film,Category
http://www.wikidata.org/entity/Q5897543,Hood Film,Category
http://www.wikidata.org/entity/Q12912091,Fiction Film,Category
http://www.wikidata.org/entity/Q5442753,Female Buddy Film,Category
http://www.wikidata.org/entity/Q883179,Blaxploitation,Category
http://www.wikidata.org/entity/Q628165,Road Movie,Category
http://www.wikidata.org/entity/Q212781,Spaghetti Western,Category
http://www.wikidata.org/entity/Q459435,Mockumentary,Category
http://www.wikidata.org/entity/Q1339864,Sports Film,Category
http://www.wikidata.org/entity/Q2439025,Erotic Thriller,Category
http://www.wikidata.org/entity/Q21209409,Huis Clos,Category
http://www.wikidata.org/entity/Q3072049,Zombie Film,Category
http://www.wikidata.org/entity/Q2743,Musical,Category
http://www.wikidata.org/entity/Q132311,Fantasy,Category
http://www.wikidata.org/entity/Q2490520,Legal Thriller,Category
http://www.wikidata.org/entity/Q5769663,Gothic Horror Film,Category
http://www.wikidata.org/entity/Q16950433,Comedy Thriller,Category
http://www.wikidata.org/entity/Q1257444,Film Adaptation,Category
http://www.wikidata.org/entity/Q219557,Cult Film,Category
http://www.wikidata.org/entity/Q2991560,Sex Comedy,Category
http://www.wikidata.org/entity/Q93204,Documentary Film,Category
http://www.wikidata.org/entity/Q3072043,Dance Film,Category
http://www.wikidata.org/entity/Q9503,Suspense,Category
http://www.wikidata.org/entity/Q20650540,Anime Film,Category
http://www.wikidata.org/entity/Q217199,Soundtrack,Category
http://www.wikidata.org/entity/Q63860397,Steampunk Film,Category
http://www.wikidata.org/entity/Q197949,Post-Apocalyptic Fiction,Category
http://www.wikidata.org/entity/Q1747837,Zombie Comedy,Category
http://www.wikidata.org/entity/Q7749,Rock And Roll,Category
http://www.wikidata.org/entity/Q45981,Rhythm And Blues,Category
http://www.wikidata.org/entity/Q492264,Film Score,Category
http://www.wikidata.org/entity/Q4774498,Anti-War Film,Category
http://www.wikidata.org/entity/Q4235011,Space Western,Category
http://www.wikidata.org/entity/Q16861950,Mysticism,Category
http://www.wikidata.org/entity/Q20656352,Alternate History Film,Category
http://www.wikidata.org/entity/Q181001,Erotica,Category
http://www.wikidata.org/entity/Q4184,Autobiography,Category
http://www.wikidata.org/entity/Q28968258,Computer-Animated Film,Category
http://www.wikidata.org/entity/Q2973201,Political Cinema,Category
http://www.wikidata.org/entity/Q1107,Anime,Category
http://www.wikidata.org/entity/Q15637299,Drama Anime And Manga,Category
http://www.wikidata.org/entity/Q455315,Compilation Film,Category
http://www.wikidata.org/entity/Q1538137,Gore,Category
http://www.wikidata.org/entity/Q909586,Splatter Film,Category
http://www.wikidata.org/entity/Q5258881,Werewolf Film,Category
http://www.wikidata.org/entity/Q2292320,Sexploitation Film,Category
http://www.wikidata.org/entity/Q1135802,Art Film,Category
http://www.wikidata.org/entity/Q1065444,Kaiju,Category
http://www.wikidata.org/entity/Q21590660,Western,Category
http://www.wikidata.org/entity/Q326439,High Fantasy,Category
http://www.wikidata.org/entity/Q1999690,Sword And Sorcery,Category
http://www.wikidata.org/entity/Q1723850,Cannibal Film,Category
http://www.wikidata.org/entity/Q13717554,Film Adaptations Of Uncle Tom's Cabin,Category
http://www.wikidata.org/entity/Q226730,Silent Film,Category
http://www.wikidata.org/entity/Q2118696,Puppetoon Animation,Category
http://www.wikidata.org/entity/Q1957385,Cinematic Fairy Tale,Category
http://www.wikidata.org/entity/Q1077883,Biopunk,Category
http://www.wikidata.org/entity/Q47009776,Apocalyptic Film,Category
http://www.wikidata.org/entity/Q457832,Stoner Film,Category
http://www.wikidata.org/entity/Q4292083,Mecha,Category
http://www.wikidata.org/entity/Q15637310,Romance Anime And Manga,Category
http://www.wikidata.org/entity/Q15712918,Adventure Anime And Manga,Category
http://www.wikidata.org/entity/Q1067324,Exploitation Film,Category
http://www.wikidata.org/entity/Q31235,Remake,Category
http://www.wikidata.org/entity/Q754803,Wuxia,Category
http://www.wikidata.org/entity/Q23916,Adventure Game,Category
http://www.wikidata.org/entity/Q7225114,Political Satire,Category
http://www.wikidata.org/entity/Q7645884,Surf Film,Category
http://www.wikidata.org/entity/Q336059,Science Fiction,Category
http://www.wikidata.org/entity/Q491158,Revisionist Western,Category
http://www.wikidata.org/entity/Q4674071,Acid Western,Category
http://www.wikidata.org/entity/Q2376899,Dieselpunk,Category
http://www.wikidata.org/entity/Q1760864,Nature Documentary,Category
http://www.wikidata.org/entity/Q1150666,World Cinema,Category
http://www.wikidata.org/entity/Q3072042,Kung Fu Film,Category
http://www.wikidata.org/entity/Q63214877,Psychological Drama Film,Category
http://www.wikidata.org/entity/Q1782964,Science Fiction Comic,Category
http://www.wikidata.org/entity/Q1935609,Propaganda Film,Category
http://www.wikidata.org/entity/Q2584671,Japanese Horror,Category
http://www.wikidata.org/entity/Q1366112,Television Drama,Category
http://www.wikidata.org/entity/Q147516,Magic Realism,Category
http://www.wikidata.org/entity/Q192239,Historical Novel,Category
http://www.wikidata.org/entity/Q783459,KüNstlerroman,Category
http://www.wikidata.org/entity/Q1312571,Developmental Novel,Category
http://www.wikidata.org/entity/Q10992055,Speculative Fiction Novel,Category
http://www.wikidata.org/entity/Q20667180,Horror Novel,Category
http://www.wikidata.org/entity/Q623787,Bad Movie,Category
http://www.wikidata.org/entity/Q8812380,Pseudo-Documentary,Category
http://www.wikidata.org/entity/Q1401416,Computer Animation,Category
http://www.wikidata.org/entity/Q1117103,Z Movie,Category
http://www.wikidata.org/entity/Q145806,Stand-Up Comedy,Category
http://www.wikidata.org/entity/Q83440,Country Music,Category
http://www.wikidata.org/entity/Q430525,Concert Film,Category
http://www.wikidata.org/entity/Q517386,Live Action,Category
http://www.wikidata.org/entity/Q12767035,Horror Anime And Manga,Category
http://www.wikidata.org/entity/Q187760,New Wave,Category
http://www.wikidata.org/entity/Q235858,Folk Music,Category
http://www.wikidata.org/entity/Q7644030,Supernatural Fiction,Category
http://www.wikidata.org/entity/Q9730,Classical Music,Category
http://www.wikidata.org/entity/Q336144,Anthology Film,Category
http://www.wikidata.org/entity/Q3147083,I Eat Your Skin,Category
http://www.wikidata.org/entity/Q583768,Women In Prison Film,Category
http://www.wikidata.org/entity/Q7256286,Psycho-Biddy,Category
http://www.wikidata.org/entity/Q16049832,Hazem,Category
http://www.wikidata.org/entity/Q3641550,Body Horror,Category
http://www.wikidata.org/entity/Q7551315,Social Problem Film,Category
http://www.wikidata.org/entity/Q5967378,Speculative Fiction,Category
http://www.wikidata.org/entity/Q193979,Farce,Category
http://www.wikidata.org/entity/Q185529,Pornographic Film,Category
http://www.wikidata.org/entity/Q643684,Jukebox Musical,Category
http://www.wikidata.org/entity/Q1800833,Rockumentary,Category
http://www.wikidata.org/entity/Q182154,Time Travel,Category
http://www.wikidata.org/entity/Q11298267,Gambling Film,Category
http://www.wikidata.org/entity/Q11356864,Essay Film,Category
http://www.wikidata.org/entity/Q15712927,Comedy Drama Anime And Manga,Category
http://www.wikidata.org/entity/Q2561438,Slice Of Life,Category
http://www.wikidata.org/entity/Q222926,Comedy Of Manners,Category
http://www.wikidata.org/entity/Q3919251,Apocalyptic Fiction,Category
http://www.wikidata.org/entity/Q7603925,Television Documentary,Category
http://www.wikidata.org/entity/Q53094,Black Comedy,Category
http://www.wikidata.org/entity/Q3038946,Romantic Drama,Category
http://www.wikidata.org/entity/Q83267,Crime,Category
http://www.wikidata.org/entity/Q237338,Seinen,Category
http://www.wikidata.org/entity/Q851213,Electronic Dance Music,Category
http://www.wikidata.org/entity/Q3442060,Partisan Film,Category
http://www.wikidata.org/entity/Q794912,Dark Fantasy,Category
http://www.wikidata.org/entity/Q1332055,Giallo,Category
http://www.wikidata.org/entity/Q16575965,Horror Fiction,Category
http://www.wikidata.org/entity/Q629917,Jidaigeki,Category
http://www.wikidata.org/entity/Q7362831,Romantic Thriller,Category
http://www.wikidata.org/entity/Q5151495,Comedy Music,Category
http://www.wikidata.org/entity/Q24862,Short Film,Category
http://www.wikidata.org/entity/Q1941707,Mockbuster,Category
http://www.wikidata.org/entity/Q170539,Parody,Category
http://www.wikidata.org/entity/Q14699093,Youth,Category
http://www.wikidata.org/entity/Q25372,Drama,Category
http://www.wikidata.org/entity/Q1259759,Miniseries,Category
http://www.wikidata.org/entity/Q5434357,Fantasy Television,Category
http://www.wikidata.org/entity/Q223770,B Movie,Category
http://www.wikidata.org/entity/Q486263,Bossa Nova,Category
http://www.wikidata.org/entity/Q170238,Sitcom,Category
http://www.wikidata.org/entity/Q11425,Animation,Category
http://www.wikidata.org/entity/Q4875794,Beach Party Film,Category
http://www.wikidata.org/entity/Q20267837,Historical Television Series,Category
http://www.wikidata.org/entity/Q128758,Satire,Category
http://www.wikidata.org/entity/Q52207399,Film Based On Novels,Category
http://www.wikidata.org/entity/Q11401,Hip Hop Music,Category
http://www.wikidata.org/entity/Q15637293,Action Anime And Manga,Category
http://www.wikidata.org/entity/Q1548170,Musical Comedy,Category
http://www.wikidata.org/entity/Q2116008,Psychological Experiment,Category
http://www.wikidata.org/entity/Q19842222,Crime Fiction,Category
http://www.wikidata.org/entity/Q15286013,Comedy Anime And Manga,Category
http://www.wikidata.org/entity/Q699,Fairy Tale,Category
http://www.wikidata.org/entity/Q40831,Comedy,Category
http://www.wikidata.org/entity/Q13209138,Auteur Film,Category
http://www.wikidata.org/entity/Q3745424,Q3745424,Category
http://www.wikidata.org/entity/Q6585139,Mystery Fiction,Category
http://www.wikidata.org/entity/Q83270,Hard Rock,Category
http://www.wikidata.org/entity/Q11399,Rock Music,Category
http://www.wikidata.org/entity/Q5774663,History (Genre),Category
http://www.wikidata.org/entity/Q608862,Anison,Category
http://www.wikidata.org/entity/Q37484,Epic Poem,Category
http://www.wikidata.org/entity/Q1115187,Commedia All'italiana,Category
http://www.wikidata.org/entity/Q9259727,Religious Film,Category
http://www.wikidata.org/entity/Q7748,Law,Category
http://www.wikidata.org/entity/Q9418,Psychology,Category
http://www.wikidata.org/entity/Q240911,Mystery Play,Category
http://www.wikidata.org/entity/Q352904,Horror,Category
http://www.wikidata.org/entity/Q15637305,Mystery Anime And Manga,Category
http://www.wikidata.org/entity/Q8261,Novel,Category
http://www.wikidata.org/entity/Q93196,Bollywood,Category
http://www.wikidata.org/entity/Q217117,Burlesque,Category
http://www.wikidata.org/entity/Q26268098,Eastern,Category
http://www.wikidata.org/entity/Q3071,Punk Rock,Category
http://www.wikidata.org/entity/Q4925568,Blaxploitation Horror Film,Category
http://www.wikidata.org/entity/Q2321734,Police Procedural,Category
http://www.wikidata.org/entity/Q1436734,Adventure,Category
http://www.wikidata.org/entity/Q21322403,Q21322403,Category
http://www.wikidata.org/entity/Q39818,Mime,Category
http://www.wikidata.org/entity/Q28813,Fraud,Category
http://www.wikidata.org/entity/Q3648909,Popular-Science Film,Category
http://www.wikidata.org/entity/Q416747,Phantasmagoria,Category
http://www.wikidata.org/entity/Q472637,Docufiction,Category
http://www.wikidata.org/entity/Q1194365,Pink Film,Category
http://www.wikidata.org/entity/Q5035283,Caper Story,Category
http://www.wikidata.org/entity/Q1344,Opera,Category
http://www.wikidata.org/entity/Q349,Sport,Category
http://www.wikidata.org/entity/Q43911809,Supernatural Horror,Category
http://www.wikidata.org/entity/Q37068,Romanticism,Category
http://www.wikidata.org/entity/Q2301591,Fan Film,Category
http://www.wikidata.org/entity/Q484641,Pop Rock,Category
http://www.wikidata.org/entity/Q790192,Experimental Film,Category
http://www.wikidata.org/entity/Q17175676,Animated Cartoon,Category
http://www.wikidata.org/entity/Q5366097,School Anime And Manga,Category
http://www.wikidata.org/entity/Q3072031,Hyperlink Cinema,Category
http://www.wikidata.org/entity/Q643782,New German Cinema,Category
http://www.wikidata.org/entity/Q8253,Fiction,Category
http://www.wikidata.org/entity/Q1356411,Fantasy,Category
http://www.wikidata.org/entity/Q2625243,Heroic Fantasy,Category
http://www.wikidata.org/entity/Q304538,Heimatfilm,Category
http://www.wikidata.org/entity/Q3541116,True Crime,Category
http://www.wikidata.org/entity/Q4075563,Outlaw Biker Film,Category
http://www.wikidata.org/entity/Q17517379,Animated Short Film,Category
http://www.wikidata.org/entity/Q343568,Action-Adventure Game,Category
http://www.wikidata.org/entity/Q986577,Anti-Humor,Category
http://www.wikidata.org/entity/Q1261214,Television Special,Category
http://www.wikidata.org/entity/Q1377546,Nunsploitation,Category
http://www.wikidata.org/entity/Q7696995,Television Comedy,Category
http://www.wikidata.org/entity/Q172067,Hentai,Category
http://www.wikidata.org/entity/Q3045377,Hijacking,Category
http://www.wikidata.org/entity/Q752321,Magical Girl,Category
http://www.wikidata.org/entity/Q80930,Tragedy,Category
http://www.wikidata.org/entity/Q1913135,Puppet,Category
http://www.wikidata.org/entity/Q49451,Progressive Rock,Category
http://www.wikidata.org/entity/Q242492,ShōJo,Category
http://www.wikidata.org/entity/Q1097273,Epic Literature,Category
http://www.wikidata.org/entity/Q26221026,Noir Fiction,Category
http://www.wikidata.org/entity/Q229390,3D Film,Category
http://www.wikidata.org/entity/Q20737414,Philosophical Fiction,Category
http://www.wikidata.org/entity/Q1864294,Financial Thriller,Category
http://www.wikidata.org/entity/Q231302,ShōNen,Category
http://www.wikidata.org/entity/Q1188977,Urban Fantasy,Category
http://www.wikidata.org/entity/Q18089617,Clay Animation Film,Category
http://www.wikidata.org/entity/Q208555,Parable,Category
http://www.wikidata.org/entity/Q678345,Prequel,Category
http://www.wikidata.org/entity/Q275934,Tokusatsu,Category
http://www.wikidata.org/entity/Q206159,Psychedelic Rock,Category
http://www.wikidata.org/entity/Q61340552,Stage And Screen,Category
http://www.wikidata.org/entity/Q9168,Persian,Category
http://www.wikidata.org/entity/Q7503324,Showtune,Category
http://www.wikidata.org/entity/Q661651,Show Tune,Category
http://www.wikidata.org/entity/Q336,Science,Category
http://www.wikidata.org/entity/Q182415,Reality Television,Category
http://www.wikidata.org/entity/Q213051,Non-Fiction,Category
http://www.wikidata.org/entity/Q861402,Educational Television,Category
http://www.wikidata.org/entity/Q4836991,B Western,Category
http://www.wikidata.org/entity/Q48834789,Intriga,Category
http://www.wikidata.org/entity/Q3745400,Q3745400,Category
http://www.wikidata.org/entity/Q2894452,Mashup,Category
http://www.wikidata.org/entity/Q1196408,Historical Fiction,Category
http://www.wikidata.org/entity/Q798555,Backwoods Film,Category
http://www.wikidata.org/entity/Q208505,Crime Novel,Category
http://www.wikidata.org/entity/Q12132683,Science Fiction Novel,Category
http://www.wikidata.org/entity/Q1278107,Eastern,Category
http://www.wikidata.org/entity/Q1092460,Surreal Humour,Category
http://www.wikidata.org/entity/Q25533274,Detective Film,Category
http://www.wikidata.org/entity/Q49084,Short Story,Category
http://www.wikidata.org/entity/Q2330570,Still Life Photography,Category
http://www.wikidata.org/entity/Q11411945,Script,Category
http://www.wikidata.org/entity/Q59126,Xiaoshuo,Category
http://www.wikidata.org/entity/Q193541,French New Wave,Category
http://www.wikidata.org/entity/Q775344,Teen Drama,Category
http://www.wikidata.org/entity/Q21802675,Adventure Fiction,Category
http://www.wikidata.org/entity/Q66425231,Redsploitation,Category
http://www.wikidata.org/entity/Q4220915,Q4220915,Category
http://www.wikidata.org/entity/Q5366020,Science Fiction Anime And Manga,Category
http://www.wikidata.org/entity/Q4903281,Biblical Genre,Category
http://www.wikidata.org/entity/Q2593937,Conspiracy Fiction,Category
http://www.wikidata.org/entity/Q506240,Television Film,Category
http://www.wikidata.org/entity/Q17884,LGBT,Category
http://www.wikidata.org/entity/Q9510,Reality,Category
http://www.wikidata.org/entity/Q1371394,Ethnographic Film,Category
http://www.wikidata.org/entity/Q546440,Bylina,Category
http://www.wikidata.org/entity/Q1098281,Suspense,Category
http://www.wikidata.org/entity/Q4164344,Documentary,Category
http://www.wikidata.org/entity/Q465821,Epistolary Novel,Category
http://www.wikidata.org/entity/Q5145881,Collage Film,Category
http://www.wikidata.org/entity/Q1696148,Natural Horror Film,Category
http://www.wikidata.org/entity/Q681737,Coming Of Age,Category
http://www.wikidata.org/entity/Q29621749,Family Drama,Category
http://www.wikidata.org/entity/Q2624785,Russian Rock,Category
http://www.wikidata.org/entity/Q944250,Social Science Fiction,Category
http://www.wikidata.org/entity/Q690342,Harem,Category
http://www.wikidata.org/entity/Q205049,World Music,Category
http://www.wikidata.org/entity/Q15428604,Slice Of Life Anime And Manga,Category
http://www.wikidata.org/entity/Q27801,Non-Fiction Literature,Category
http://www.wikidata.org/entity/Q3072024,Autobiographical Film,Category
http://www.wikidata.org/entity/Q223945,Bildungsroman,Category
http://www.wikidata.org/entity/Q2430899,Drama Play,Category
http://www.wikidata.org/entity/Q525350,Gangster,Category
http://www.wikidata.org/entity/Q11661562,Romance Novels,Category
http://www.wikidata.org/entity/Q731194,Yakuza Film,Category
http://www.wikidata.org/entity/Q214126,Los Angeles Police Department,Category
http://www.wikidata.org/entity/Q7283,Terrorism,Category
http://www.wikidata.org/entity/Q46952,Organized Crime,Category
http://www.wikidata.org/entity/Q179310,Computing,Category
http://www.wikidata.org/entity/Q3244175,Tabletop Game,Category
http://www.wikidata.org/entity/Q191089,Old Age,Category
http://www.wikidata.org/entity/Q11995,Human Pregnancy,Category
http://www.wikidata.org/entity/Q45393,Piracy,Category
http://www.wikidata.org/entity/Q11416,Gambling,Category
http://www.wikidata.org/entity/Q10737,Suicide,Category
http://www.wikidata.org/entity/Q15326,Alcoholism,Category
http://www.wikidata.org/entity/Q36633,Prostitution,Category
http://www.wikidata.org/entity/Q484188,Serial Killer,Category
http://www.wikidata.org/entity/Q44512,Epidemic,Category
http://www.wikidata.org/entity/Q120877,Cloning,Category
http://www.wikidata.org/entity/Q614130,Mad Scientist,Category
http://www.wikidata.org/entity/Q765633,Aviation,Category
http://www.wikidata.org/entity/Q8454,Capital Punishment,Category
http://www.wikidata.org/entity/Q8740,Vietnam War,Category
http://www.wikidata.org/entity/Q9402,Ninja,Category
http://www.wikidata.org/entity/Q6206,Capitalism,Category
http://www.wikidata.org/entity/Q7167,Colonialism,Category
http://www.wikidata.org/entity/Q353979,Cultural Diplomacy,Category
http://www.wikidata.org/entity/Q2736,Association Football,Category
http://www.wikidata.org/entity/Q906343,Dysfunctional Family,Category
http://www.wikidata.org/entity/Q544830,Telepresence,Category
http://www.wikidata.org/entity/Q127683,Incest,Category
http://www.wikidata.org/entity/Q1712140,Revenge,Category
http://www.wikidata.org/entity/Q8463,Slavery,Category
http://www.wikidata.org/entity/Q5369,Baseball,Category
http://www.wikidata.org/entity/Q82457,William Wallace,Category
http://www.wikidata.org/entity/Q3242848,First War Of Scottish Independence,Category
http://www.wikidata.org/entity/Q12684,Fashion,Category
http://www.wikidata.org/entity/Q362,World War Ii,Category
http://www.wikidata.org/entity/Q2763,The Holocaust,Category
http://www.wikidata.org/entity/Q33999,Actor,Category
http://www.wikidata.org/entity/Q182252,Apollo 13,Category
http://www.wikidata.org/entity/Q60168,Diamorphine,Category
http://www.wikidata.org/entity/Q182413,Non-Controlled Substance Abuse,Category
http://www.wikidata.org/entity/Q30090244,Bear,Category
http://www.wikidata.org/entity/Q328473,New York City Police Department,Category
http://www.wikidata.org/entity/Q545599,Haunted House,Category
http://www.wikidata.org/entity/Q170538,Virginity,Category
http://www.wikidata.org/entity/Q80837,Supernatural,Category
http://www.wikidata.org/entity/Q351363,Seamanship,Category
http://www.wikidata.org/entity/Q200790,Algerian War Of Independence,Category
http://www.wikidata.org/entity/Q744913,Aviation Accident,Category
http://www.wikidata.org/entity/Q5372,Basketball,Category
http://www.wikidata.org/entity/Q876852,Summer Camp,Category
http://www.wikidata.org/entity/Q214426,Mexican Revolution,Category
http://www.wikidata.org/entity/Q181508,Extraterrestrial Life,Category
http://www.wikidata.org/entity/Q430,Dinosaur,Category
http://www.wikidata.org/entity/Q157833,Embezzlement,Category
http://www.wikidata.org/entity/Q384593,Police Officer,Category
http://www.wikidata.org/entity/Q1347682,Gunfight At The O.K. Corral,Category
http://www.wikidata.org/entity/Q78994,Napoleonic Wars,Category
http://www.wikidata.org/entity/Q726,Horse,Category
http://www.wikidata.org/entity/Q8683,Cold War,Category
http://www.wikidata.org/entity/Q175284,Irish Republican Army,Category
http://www.wikidata.org/entity/Q1744607,Class Struggle,Category
http://www.wikidata.org/entity/Q11072,Amnesia,Category
http://www.wikidata.org/entity/Q159992,Surfing,Category
http://www.wikidata.org/entity/Q8333,Federal Bureau Of Investigation,Category
http://www.wikidata.org/entity/Q1340186,Chicago Police Department,Category
http://www.wikidata.org/entity/Q718,Chess,Category
http://www.wikidata.org/entity/Q193484,Assassination Of John F. Kennedy,Category
http://www.wikidata.org/entity/Q815436,The Troubles,Category
http://www.wikidata.org/entity/Q1083197,The Big Sad,Category
http://www.wikidata.org/entity/Q12199,Aids,Category
http://www.wikidata.org/entity/Q33487,Homophobia,Category
http://www.wikidata.org/entity/Q11660,Artificial Intelligence,Category
http://www.wikidata.org/entity/Q181787,Android,Category
http://www.wikidata.org/entity/Q9204,C. S. Lewis,Category
http://www.wikidata.org/entity/Q465594,Joy Davidman,Category
http://www.wikidata.org/entity/Q446186,Mary Baker,Category
http://www.wikidata.org/entity/Q214255,Spiritism,Category
http://www.wikidata.org/entity/Q2254427,Cybernetic Revolt,Category
http://www.wikidata.org/entity/Q1191309,Offender Profiling,Category
http://www.wikidata.org/entity/Q7242,Beauty,Category
http://www.wikidata.org/entity/Q167323,Altruism,Category
http://www.wikidata.org/entity/Q851824,Persecution,Category
http://www.wikidata.org/entity/Q1321250,Vanity,Category
http://www.wikidata.org/entity/Q1334052,Parent-Child Relationship,Category
http://www.wikidata.org/entity/Q6545811,Jealousy,Category
http://www.wikidata.org/entity/Q60,New York City,Category
http://www.wikidata.org/entity/Q146,House Cat,Category
http://www.wikidata.org/entity/Q188739,Envy,Category
http://www.wikidata.org/entity/Q318296,Kidnapping,Category
http://www.wikidata.org/entity/Q10859,Spanish Civil War,Category
http://www.wikidata.org/entity/Q37643,Gulf War,Category
http://www.wikidata.org/entity/Q202387,Post-Traumatic Stress Disorder,Category
http://www.wikidata.org/entity/Q967299,Women In The Military,Category
http://www.wikidata.org/entity/Q1303061,Friendly Fire,Category
http://www.wikidata.org/entity/Q2349281,Operation Desert Storm,Category
http://www.wikidata.org/entity/Q32112,Boxing,Category
http://www.wikidata.org/entity/Q363,World War Iii,Category
http://www.wikidata.org/entity/Q201424,Nuclear War,Category
http://www.wikidata.org/entity/Q250705,Doomsday Device,Category
http://www.wikidata.org/entity/Q1286,Alps,Category
http://www.wikidata.org/entity/Q219355,Roswell Ufo Incident,Category
http://www.wikidata.org/entity/Q9174,Religion,Category
http://www.wikidata.org/entity/Q41397,Genocide,Category
http://www.wikidata.org/entity/Q6498477,Lust,Category
http://www.wikidata.org/entity/Q20820180,Outsider,Category
http://www.wikidata.org/entity/Q148,People's Republic Of China,Category
http://www.wikidata.org/entity/Q44600,Kaspar Hauser,Category
http://www.wikidata.org/entity/Q1390,Insect,Category
http://www.wikidata.org/entity/Q5377,Golf,Category
http://www.wikidata.org/entity/Q235063,Maya Lin,Category
http://www.wikidata.org/entity/Q6636,Homosexuality,Category
http://www.wikidata.org/entity/Q629129,Extramarital Sex,Category
http://www.wikidata.org/entity/Q118382,Slavery In The United States,Category
http://www.wikidata.org/entity/Q289,Television,Category
http://www.wikidata.org/entity/Q180046,Space Exploration,Category
http://www.wikidata.org/entity/Q11030,Journalism,Category
http://www.wikidata.org/entity/Q152989,Western Front Of World War I,Category
http://www.wikidata.org/entity/Q179637,Prisoner Of War,Category
http://www.wikidata.org/entity/Q659745,Italian Front,Category
http://www.wikidata.org/entity/Q2095549,Aircraft Pilot,Category
http://www.wikidata.org/entity/Q173196,Michael Collins,Category
http://www.wikidata.org/entity/Q638530,Texas Revolution,Category
http://www.wikidata.org/entity/Q1420,Car,Category
http://www.wikidata.org/entity/Q936969,Nanny,Category
http://www.wikidata.org/entity/Q189970,Social Status,Category
http://www.wikidata.org/entity/Q1726563,Self-Discovery,Category
http://www.wikidata.org/entity/Q1741934,Q1741934,Category
http://www.wikidata.org/entity/Q1371150,Hostage Crisis,Category
http://www.wikidata.org/entity/Q630281,Messianism,Category
http://www.wikidata.org/entity/Q627716,Military Aviation,Category
http://www.wikidata.org/entity/Q233929,Nascar,Category
http://www.wikidata.org/entity/Q154720,Battle Of Britain,Category
http://www.wikidata.org/entity/Q31862308,Penguin,Category
http://www.wikidata.org/entity/Q291,Pornography,Category
http://www.wikidata.org/entity/Q219937,Bonnie And Clyde,Category
http://www.wikidata.org/entity/Q28130022,Ball Culture,Category
http://www.wikidata.org/entity/Q13368786,Jury Trial,Category
http://www.wikidata.org/entity/Q124490,Violence,Category
http://www.wikidata.org/entity/Q2142602,Rehabilitation,Category
http://www.wikidata.org/entity/Q6699014,Ludovico Technique,Category
http://www.wikidata.org/entity/Q361,World War I,Category
http://www.wikidata.org/entity/Q170596,T. E. Lawrence,Category
http://www.wikidata.org/entity/Q23498,Archaeology,Category
http://www.wikidata.org/entity/Q14565683,Nazism And Occultism,Category
http://www.wikidata.org/entity/Q177413,Demon,Category
http://www.wikidata.org/entity/Q1757301,Submarine Warfare,Category
http://www.wikidata.org/entity/Q399999,Prohibition In The United States,Category
http://www.wikidata.org/entity/Q184425,Pacific War,Category
http://www.wikidata.org/entity/Q2282230,River Kwai Bridge,Category
http://www.wikidata.org/entity/Q186610,Time Loop,Category
http://www.wikidata.org/entity/Q744374,Groundhog Day,Category
http://www.wikidata.org/entity/Q491,Friendship,Category
http://www.wikidata.org/entity/Q6649,Lesbian,Category
http://www.wikidata.org/entity/Q8461,Racism,Category
http://www.wikidata.org/entity/Q8663,Korean War,Category
http://www.wikidata.org/entity/Q186492,George S. Patton,Category
http://www.wikidata.org/entity/Q638,Music,Category
http://www.wikidata.org/entity/Q451553,Visualization,Category
http://www.wikidata.org/entity/Q1001,Mohandas Karamchand Gandhi,Category
http://www.wikidata.org/entity/Q2306,Pink Floyd,Category
http://www.wikidata.org/entity/Q8434,Education,Category
http://www.wikidata.org/entity/Q173061,Syd Barrett,Category
http://www.wikidata.org/entity/Q164236,War Correspondent,Category
http://www.wikidata.org/entity/Q191764,Khmer Rouge,Category
http://www.wikidata.org/entity/Q1340590,Killing Fields,Category
http://www.wikidata.org/entity/Q45529,Ghost,Category
http://www.wikidata.org/entity/Q219698,Salem Witch Trials,Category
http://www.wikidata.org/entity/Q19809,Christmas,Category
http://www.wikidata.org/entity/Q7372,Shark,Category
http://www.wikidata.org/entity/Q129026,Great White Shark,Category
http://www.wikidata.org/entity/Q8452,Abortion,Category
http://www.wikidata.org/entity/Q1417338,1981 Irish Hunger Strike,Category
http://www.wikidata.org/entity/Q504628,Provisional Irish Republican Army,Category
http://www.wikidata.org/entity/Q2102,Snake,Category
http://www.wikidata.org/entity/Q162244,Hero,Category
http://www.wikidata.org/entity/Q12681,Calligraphy,Category
http://www.wikidata.org/entity/Q14841174,First Contact,Category
http://www.wikidata.org/entity/Q332,Neptune,Category
http://www.wikidata.org/entity/Q7544,Wormhole,Category
http://www.wikidata.org/entity/Q178033,United States Navy Seals,Category
http://www.wikidata.org/entity/Q181843,Necrophilia,Category
http://www.wikidata.org/entity/Q898712,Aircraft Hijacking,Category
http://www.wikidata.org/entity/Q1229735,Cover-Up,Category
http://www.wikidata.org/entity/Q177764,Vodun,Category
http://www.wikidata.org/entity/Q687182,Whistler's Mother,Category
http://www.wikidata.org/entity/Q25116,Argentine Tango,Category
http://www.wikidata.org/entity/Q472298,United States V. The Amistad,Category
http://www.wikidata.org/entity/Q30274587,La Amistad Slave Revolt,Category
http://www.wikidata.org/entity/Q212657,Artemisia Gentileschi,Category
http://www.wikidata.org/entity/Q7318,Nazi Germany,Category
http://www.wikidata.org/entity/Q25173,Rms Titanic,Category
http://www.wikidata.org/entity/Q211606,Social Structure,Category
http://www.wikidata.org/entity/Q189125,Transgender Person,Category
http://www.wikidata.org/entity/Q128257,Cephalopods,Category
http://www.wikidata.org/entity/Q132524,Ayn Rand,Category
http://www.wikidata.org/entity/Q22857,Climbing,Category
http://www.wikidata.org/entity/Q38404,Autism,Category
http://www.wikidata.org/entity/Q8277,Multiple Sclerosis,Category
http://www.wikidata.org/entity/Q7708739,Recreational Drug Use,Category
http://www.wikidata.org/entity/Q167,Pi,Category
http://www.wikidata.org/entity/Q34990,Torah,Category
http://www.wikidata.org/entity/Q179076,Exchange,Category
http://www.wikidata.org/entity/Q749811,Mutiny On The Bounty,Category
http://www.wikidata.org/entity/Q52418,Attack On Pearl Harbor,Category
http://www.wikidata.org/entity/Q182804,Karen Blixen,Category
http://www.wikidata.org/entity/Q93190,Divorce,Category
http://www.wikidata.org/entity/Q4936971,Body Swap,Category
http://www.wikidata.org/entity/Q844924,Illegal Drug Trade,Category
http://www.wikidata.org/entity/Q2431020,Arms Trafficking,Category
http://www.wikidata.org/entity/Q7694636,Teflon-Coated Bullet,Category
http://www.wikidata.org/entity/Q1057164,Krugerrand,Category
http://www.wikidata.org/entity/Q4583158,Anti-Apartheid Movement,Category
http://www.wikidata.org/entity/Q513359,Biological Life Cycle,Category
http://www.wikidata.org/entity/Q1274115,Responsibility,Category
http://www.wikidata.org/entity/Q16471,Invasion Of Normandy,Category
http://www.wikidata.org/entity/Q464257,Omaha Beach,Category
http://www.wikidata.org/entity/Q8641370,Operation Overlord,Category
http://www.wikidata.org/entity/Q198,War,Category
http://www.wikidata.org/entity/Q1965933,Tramp,Category
http://www.wikidata.org/entity/Q12579933,Adolescence,Category
http://www.wikidata.org/entity/Q192571,Child Labour,Category
http://www.wikidata.org/entity/Q81741,Magic,Category
http://www.wikidata.org/entity/Q109411,Curse,Category
http://www.wikidata.org/entity/Q571571,Insult,Category
http://www.wikidata.org/entity/Q1357,Araneae,Category
http://www.wikidata.org/entity/Q172365,San People,Category
http://www.wikidata.org/entity/Q11218,United States Marine Corps,Category
http://www.wikidata.org/entity/Q3352817,Extrajudicial Punishment,Category
http://www.wikidata.org/entity/Q2996599,Q2996599,Category
http://www.wikidata.org/entity/Q1415395,Film Industry,Category
http://www.wikidata.org/entity/Q17005145,Runaway Train,Category
http://www.wikidata.org/entity/Q7386,Formicidae,Category
http://www.wikidata.org/entity/Q10409638,Anacridium Melanorhodon,Category
http://www.wikidata.org/entity/Q216810,King Kong,Category
http://www.wikidata.org/entity/Q35535,Police,Category
http://www.wikidata.org/entity/Q837556,Forced Migration,Category
http://www.wikidata.org/entity/Q1290338,The Exodus,Category
http://www.wikidata.org/entity/Q7928604,Vietnam Veteran,Category
http://www.wikidata.org/entity/Q765277,Plymouth Fury,Category
http://www.wikidata.org/entity/Q6452087,Extortion,Category
http://www.wikidata.org/entity/Q9215,Sigmund Freud,Category
http://www.wikidata.org/entity/Q2798820,Security Hacker,Category
http://www.wikidata.org/entity/Q25505093,Human Hand,Category
http://www.wikidata.org/entity/Q28457682,Mummy,Category
http://www.wikidata.org/entity/Q785290,Simulated Reality,Category
http://www.wikidata.org/entity/Q241,Cuba,Category
http://www.wikidata.org/entity/Q234213,Adultery,Category
http://www.wikidata.org/entity/Q175185,Rural Area,Category
http://www.wikidata.org/entity/Q2658935,Beauty Contest,Category
http://www.wikidata.org/entity/Q58848,Pacifism,Category
http://www.wikidata.org/entity/Q258307,National Security,Category
http://www.wikidata.org/entity/Q1412340,Irrationality,Category
http://www.wikidata.org/entity/Q715768,Arthurian Romance,Category
http://www.wikidata.org/entity/Q111,Mars,Category
http://www.wikidata.org/entity/Q870,Train,Category
http://www.wikidata.org/entity/Q275473,Solitude,Category
http://www.wikidata.org/entity/Q5853909,Frozen Concentrated Orange Juice,Category
http://www.wikidata.org/entity/Q75,Internet,Category
http://www.wikidata.org/entity/Q1369020,Von Economo's Disease,Category
http://www.wikidata.org/entity/Q221284,Conformity,Category
http://www.wikidata.org/entity/Q8,Happiness,Category
http://www.wikidata.org/entity/Q2348740,Death Of Azaria Chamberlain,Category
http://www.wikidata.org/entity/Q62605274,Q62605274,Category
http://www.wikidata.org/entity/Q366886,Psychopathy,Category
http://www.wikidata.org/entity/Q59677,Transphobia,Category
http://www.wikidata.org/entity/Q505335,Brandon Teena,Category
http://www.wikidata.org/entity/Q64737916,Transmisandry,Category
http://www.wikidata.org/entity/Q62,San Francisco,Category
http://www.wikidata.org/entity/Q1018566,Byrd Antarctic Expedition,Category
http://www.wikidata.org/entity/Q46611,Apollo Space Program,Category
http://www.wikidata.org/entity/Q189266,Eastern Front Of World War Ii,Category
http://www.wikidata.org/entity/Q10874,Blindness,Category
http://www.wikidata.org/entity/Q49389,Tourism,Category
http://www.wikidata.org/entity/Q588750,Puppetry,Category
http://www.wikidata.org/entity/Q191779,Gilles De La Tourette Syndrome,Category
http://www.wikidata.org/entity/Q10861465,Brother,Category
http://www.wikidata.org/entity/Q5389,Olympic Games,Category
http://www.wikidata.org/entity/Q229007,Munich Massacre,Category
http://www.wikidata.org/entity/Q186529,Narcissism,Category
http://www.wikidata.org/entity/Q187587,Empire,Category
http://www.wikidata.org/entity/Q3054155,Spoiled Child,Category
http://www.wikidata.org/entity/Q128160,Cuban Missile Crisis,Category
http://www.wikidata.org/entity/Q102734,Red Army Faction,Category
http://www.wikidata.org/entity/Q11409,Apartheid,Category
http://www.wikidata.org/entity/Q254615,Gleaning,Category
http://www.wikidata.org/entity/Q354047,George Jung,Category
http://www.wikidata.org/entity/Q41576,Cocaine,Category
http://www.wikidata.org/entity/Q1776480,Mariel Boatlift,Category
http://www.wikidata.org/entity/Q2151786,Substance-Induced Psychosis,Category
http://www.wikidata.org/entity/Q2543769,Drug Lord,Category
http://www.wikidata.org/entity/Q160225,Nuremberg Rally,Category
http://www.wikidata.org/entity/Q79721,Dot-Com Bubble,Category
http://www.wikidata.org/entity/Q849959,Breeches Role,Category
http://www.wikidata.org/entity/Q366301,Research Expedition,Category
http://www.wikidata.org/entity/Q600571,Abuse,Category
http://www.wikidata.org/entity/Q24050099,Auto Race,Category
http://www.wikidata.org/entity/Q41630,Psychoanalysis,Category
http://www.wikidata.org/entity/Q42767,Whaling,Category
http://www.wikidata.org/entity/Q116213,Vacation,Category
http://www.wikidata.org/entity/Q187916,Horse Racing,Category
http://www.wikidata.org/entity/Q2166642,White Lady,Category
http://www.wikidata.org/entity/Q488,Atomic Bombings Of Hiroshima And Nagasaki,Category
http://www.wikidata.org/entity/Q447655,Victor Of Aveyron,Category
http://www.wikidata.org/entity/Q23852,Human Body,Category
http://www.wikidata.org/entity/Q623282,Afterlife,Category
http://www.wikidata.org/entity/Q51,Antarctica,Category
http://www.wikidata.org/entity/Q1162294,Imperial Trans-Antarctic Expedition,Category
http://www.wikidata.org/entity/Q1320053,German-Occupied Europe,Category
http://www.wikidata.org/entity/Q177626,Human Migration,Category
http://www.wikidata.org/entity/Q181533,Bosnian War,Category
http://www.wikidata.org/entity/Q52226,Battle Of Mogadishu,Category
http://www.wikidata.org/entity/Q211453,Beast Of GéVaudan,Category
http://www.wikidata.org/entity/Q465237,Marjorie Kinnan Rawlings,Category
http://www.wikidata.org/entity/Q151622,Israeli–Palestinian Conflict,Category
http://www.wikidata.org/entity/Q1964968,Criminal Investigation,Category
http://www.wikidata.org/entity/Q392117,ʻOhana,Category
http://www.wikidata.org/entity/Q1132684,Research Ethics,Category
http://www.wikidata.org/entity/Q46721,Vampire,Category
http://www.wikidata.org/entity/Q580124,Soviet Submarine K-19,Category
http://www.wikidata.org/entity/Q9352089,Spy,Category
http://www.wikidata.org/entity/Q31207,Health Care,Category
http://www.wikidata.org/entity/Q39631,Physician,Category
http://www.wikidata.org/entity/Q43963,Jack The Ripper,Category
http://www.wikidata.org/entity/Q561457,Carrier,Category
http://www.wikidata.org/entity/Q3816,George Sand,Category
http://www.wikidata.org/entity/Q179680,Alfred De Musset,Category
http://www.wikidata.org/entity/Q89640,Consumerism,Category
http://www.wikidata.org/entity/Q814158,Japanese Mythology,Category
http://www.wikidata.org/entity/Q3563376,Coming-Of-Age Journey,Category
http://www.wikidata.org/entity/Q914841,Frontier Justice,Category
http://www.wikidata.org/entity/Q2748708,German Military Administration In Occupied France During World War Ii,Category
http://www.wikidata.org/entity/Q3137824,Q3137824,Category
http://www.wikidata.org/entity/Q4940711,Bombing Of Kobe In World War Ii,Category
http://www.wikidata.org/entity/Q1139665,Political Murder,Category
http://www.wikidata.org/entity/Q4,Death,Category
http://www.wikidata.org/entity/Q26377,Asylum,Category
http://www.wikidata.org/entity/Q35409,Family,Category
http://www.wikidata.org/entity/Q12281707,Treasure Hunting,Category
http://www.wikidata.org/entity/Q10931,Revolution,Category
http://www.wikidata.org/entity/Q5588,Frida Kahlo,Category
http://www.wikidata.org/entity/Q6534,French Revolution,Category
http://www.wikidata.org/entity/Q5245356,Dead Rabbits,Category
http://www.wikidata.org/entity/Q40909,Virginia Woolf,Category
http://www.wikidata.org/entity/Q8669,Arab–Israeli Conflict,Category
http://www.wikidata.org/entity/Q1124515,Human Condition,Category
http://www.wikidata.org/entity/Q1239812,Mortality,Category
http://www.wikidata.org/entity/Q181784,Human Trafficking,Category
http://www.wikidata.org/entity/Q216507,Bird Migration,Category
http://www.wikidata.org/entity/Q380675,Cinema Of The United States,Category
http://www.wikidata.org/entity/Q3476470,Scripps National Spelling Bee,Category
http://www.wikidata.org/entity/Q1543778,Horror And Terror,Category
http://www.wikidata.org/entity/Q254168,Erasmus Programme,Category
http://www.wikidata.org/entity/Q644903,Gastarbeiter,Category
http://www.wikidata.org/entity/Q790930,BarthéLemy De Chasseneuz,Category
http://www.wikidata.org/entity/Q11167292,Repressed Memory,Category
http://www.wikidata.org/entity/Q856681,Illegal Immigration,Category
http://www.wikidata.org/entity/Q1147995,Organ Trade,Category
http://www.wikidata.org/entity/Q41112,Schizophrenia,Category
http://www.wikidata.org/entity/Q241215,Janet Frame,Category
http://www.wikidata.org/entity/Q22692,Freedom Of Speech,Category
http://www.wikidata.org/entity/Q129053,Partition Of India,Category
http://www.wikidata.org/entity/Q2540524,Religious Violence,Category
http://www.wikidata.org/entity/Q39162,Open Source,Category
http://www.wikidata.org/entity/Q44571,Gnu,Category
http://www.wikidata.org/entity/Q1076638,Free Software Movement,Category
http://www.wikidata.org/entity/Q33231,Photographer,Category
http://www.wikidata.org/entity/Q12078,Cancer,Category
http://www.wikidata.org/entity/Q952216,Tempus Fugit,Category
http://www.wikidata.org/entity/Q33881,Tour De France,Category
http://www.wikidata.org/entity/Q844245,Gypsy Jazz,Category
http://www.wikidata.org/entity/Q1335189,Pedalo,Category
http://www.wikidata.org/entity/Q1341429,Rescue,Category
http://www.wikidata.org/entity/Q1483126,Flapper,Category
http://www.wikidata.org/entity/Q38695,Cooking,Category
http://www.wikidata.org/entity/Q133054,Sylvia Plath,Category
http://www.wikidata.org/entity/Q182263,Empathy,Category
http://www.wikidata.org/entity/Q2539,Machine Learning,Category
http://www.wikidata.org/entity/Q550452,Nuclear Arms Race,Category
http://www.wikidata.org/entity/Q2930613,Conscientious Objection,Category
http://www.wikidata.org/entity/Q3510521,Computer Security,Category
http://www.wikidata.org/entity/Q6852262,Military Computer,Category
http://www.wikidata.org/entity/Q6987386,Negligent Discharge,Category
http://www.wikidata.org/entity/Q3062016,Q3062016,Category
http://www.wikidata.org/entity/Q5599260,Great Gold Robbery,Category
http://www.wikidata.org/entity/Q7832904,Train Robbery,Category
http://www.wikidata.org/entity/Q1506462,Sports Betting,Category
http://www.wikidata.org/entity/Q132821,Murder,Category
http://www.wikidata.org/entity/Q366964,X-Linked Adrenoleukodystrophy,Category
http://www.wikidata.org/entity/Q6223,Fascism,Category
http://www.wikidata.org/entity/Q22649,Antisemitism,Category
http://www.wikidata.org/entity/Q486775,Lynching,Category
http://www.wikidata.org/entity/Q647110,Triangular Trade,Category
http://www.wikidata.org/entity/Q6815724,Memory Erasure,Category
http://www.wikidata.org/entity/Q220018,AnaïS Nin,Category
http://www.wikidata.org/entity/Q484678,Berkeley,Category
http://www.wikidata.org/entity/Q706454,Netherlands In World War Ii,Category
http://www.wikidata.org/entity/Q18657,Dissociative Identity Disorder,Category
http://www.wikidata.org/entity/Q208607,Kung Fu,Category
http://www.wikidata.org/entity/Q467,Woman,Category
http://www.wikidata.org/entity/Q80330,English Civil War,Category
http://www.wikidata.org/entity/Q188494,Witch Hunt,Category
http://www.wikidata.org/entity/Q3239699,Matthew Hopkins,Category
http://www.wikidata.org/entity/Q10806,September 11 Attacks,Category
http://www.wikidata.org/entity/Q5500657,Freedom Tunnel,Category
http://www.wikidata.org/entity/Q15708691,Homelessness In The United States,Category
http://www.wikidata.org/entity/Q247395,Battle Of Hamburger Hill,Category
http://www.wikidata.org/entity/Q298364,Jeffrey Dahmer,Category
http://www.wikidata.org/entity/Q23118,Lysergic Acid Diethylamide,Category
http://www.wikidata.org/entity/Q5582,Vincent Van Gogh,Category
http://www.wikidata.org/entity/Q276258,Childhood,Category
http://www.wikidata.org/entity/Q5608161,Grey Gardens,Category
http://www.wikidata.org/entity/Q1249918,Potion,Category
http://www.wikidata.org/entity/Q598041,Prison Escape,Category
http://www.wikidata.org/entity/Q12174,Obesity,Category
http://www.wikidata.org/entity/Q38076,Mcdonald's,Category
http://www.wikidata.org/entity/Q932586,Filmmaking,Category
http://www.wikidata.org/entity/Q3175954,Japanese Occupation Of The Philippines,Category
http://www.wikidata.org/entity/Q134949,Winter War,Category
http://www.wikidata.org/entity/Q636569,Hatfield–Mccoy Feud,Category
http://www.wikidata.org/entity/Q45792,King Arthur,Category
http://www.wikidata.org/entity/Q81109,Mordred,Category
http://www.wikidata.org/entity/Q272054,Guinevere,Category
http://www.wikidata.org/entity/Q1769092,Sir Lionel,Category
http://www.wikidata.org/entity/Q159470,Kosovo Force,Category
http://www.wikidata.org/entity/Q184840,Smuggling,Category
http://www.wikidata.org/entity/Q2914621,Infidelity,Category
http://www.wikidata.org/entity/Q317309,Mental Health,Category
http://www.wikidata.org/entity/Q81796,J. M. Barrie,Category
http://www.wikidata.org/entity/Q60606520,National Treasure,Category
http://www.wikidata.org/entity/Q63181370,Easter Parade And Easter Bonnet Festival,Category
http://www.wikidata.org/entity/Q1968,Formula One,Category
http://www.wikidata.org/entity/Q635,Cleopatra,Category
http://www.wikidata.org/entity/Q8729,Russian Revolution,Category
http://www.wikidata.org/entity/Q339747,Hippie,Category
http://www.wikidata.org/entity/Q11410,Game,Category
http://www.wikidata.org/entity/Q1160650,Industrial Espionage,Category
http://www.wikidata.org/entity/Q6497479,Lists Of Weapons,Category
http://www.wikidata.org/entity/Q8341,Jazz,Category
http://www.wikidata.org/entity/Q7584266,African Slave Trade,Category
http://www.wikidata.org/entity/Q590870,Cinematography,Category
http://www.wikidata.org/entity/Q1413522,Impostor,Category
http://www.wikidata.org/entity/Q8690,Cultural Revolution,Category
http://www.wikidata.org/entity/Q689846,Assisted Suicide,Category
http://www.wikidata.org/entity/Q2144359,Environmental Issue,Category
http://www.wikidata.org/entity/Q170436,Scrabble,Category
http://www.wikidata.org/entity/Q13406554,Sport Competition,Category
http://www.wikidata.org/entity/Q131297,Genocide Against The Tutsis,Category
http://www.wikidata.org/entity/Q527341,Trans World Airlines,Category
http://www.wikidata.org/entity/Q644437,Snuff Film,Category
http://www.wikidata.org/entity/Q1472936,Mujeres Libres,Category
http://www.wikidata.org/entity/Q208373,Female Genital Mutilation,Category
http://www.wikidata.org/entity/Q154182,Battle Of Berlin,Category
http://www.wikidata.org/entity/Q1993476,Death Of Adolf Hitler,Category
http://www.wikidata.org/entity/Q107802,2003 Invasion Of Iraq,Category
http://www.wikidata.org/entity/Q11012,Robot,Category
http://www.wikidata.org/entity/Q18119757,Invention,Category
http://www.wikidata.org/entity/Q38108,Figure Skating,Category
http://www.wikidata.org/entity/Q662860,Smoking,Category
http://www.wikidata.org/entity/Q552431,Habitat Destruction,Category
http://www.wikidata.org/entity/Q1771860,Tanuki,Category
http://www.wikidata.org/entity/Q659385,North Hollywood Shootout,Category
http://www.wikidata.org/entity/Q1462531,Layoff,Category
http://www.wikidata.org/entity/Q13473502,Collective Layoff,Category
http://www.wikidata.org/entity/Q7207,Elizabeth I Of England,Category
http://www.wikidata.org/entity/Q437917,"Robert Devereux, 2Nd Earl Of Essex",Category
http://www.wikidata.org/entity/Q5386,Auto Racing,Category
http://www.wikidata.org/entity/Q804077,Baja 1000,Category
http://www.wikidata.org/entity/Q7756376,School Of Rock,Category
http://www.wikidata.org/entity/Q44619,Fear,Category
http://www.wikidata.org/entity/Q161829,Emperor Penguin,Category
http://www.wikidata.org/entity/Q7163,Politics,Category
http://www.wikidata.org/entity/Q242352,Yugoslav Wars,Category
http://www.wikidata.org/entity/Q12538685,Tour,Category
http://www.wikidata.org/entity/Q157146,French Resistance,Category
http://www.wikidata.org/entity/Q4572200,1965–66 Texas Western Miners Basketball Team,Category
http://www.wikidata.org/entity/Q210189,Anti-Fascism,Category
http://www.wikidata.org/entity/Q48240,23,Category
http://www.wikidata.org/entity/Q165950,Espionage,Category
http://www.wikidata.org/entity/Q2144405,Hacking,Category
http://www.wikidata.org/entity/Q134808,Vaccine,Category
http://www.wikidata.org/entity/Q41406,Edvard Munch,Category
http://www.wikidata.org/entity/Q152013,General Motors Ev1,Category
http://www.wikidata.org/entity/Q473814,Running Amok,Category
http://www.wikidata.org/entity/Q83207,Crossword,Category
http://www.wikidata.org/entity/Q3325327,The New York Times Crossword Puzzle,Category
http://www.wikidata.org/entity/Q371967,Operation Moses,Category
http://www.wikidata.org/entity/Q663016,Sex Tourism,Category
http://www.wikidata.org/entity/Q9682,Elizabeth Ii,Category
http://www.wikidata.org/entity/Q645968,British Royal Family,Category
http://www.wikidata.org/entity/Q72468,Bureaucracy,Category
http://www.wikidata.org/entity/Q1364787,Terminal Illness,Category
http://www.wikidata.org/entity/Q44440,Golden Gate Bridge,Category
http://www.wikidata.org/entity/Q11224,United States Coast Guard,Category
http://www.wikidata.org/entity/Q4828678,Aviation Survival Technician,Category
http://www.wikidata.org/entity/Q646135,New York Cosmos,Category
http://www.wikidata.org/entity/Q169207,Discrimination,Category
http://www.wikidata.org/entity/Q1392933,Battle For Hill 3234,Category
http://www.wikidata.org/entity/Q2702724,Operation Magistral,Category
http://www.wikidata.org/entity/Q3839081,Disaster,Category
http://www.wikidata.org/entity/Q315,Language,Category
http://www.wikidata.org/entity/Q31928,Fuck,Category
http://www.wikidata.org/entity/Q6773805,Marshall Thundering Herd Football,Category
http://www.wikidata.org/entity/Q218837,The Supremes,Category
http://www.wikidata.org/entity/Q11451,Agriculture,Category
http://www.wikidata.org/entity/Q42207,Caravaggio,Category
http://www.wikidata.org/entity/Q180182,Battle Of Iwo Jima,Category
http://www.wikidata.org/entity/Q214565,Beatrix Potter,Category
http://www.wikidata.org/entity/Q1758028,1980 Turkish Coup D'éTat,Category
http://www.wikidata.org/entity/Q218148,Zodiac Killer,Category
http://www.wikidata.org/entity/Q36322,Jane Austen,Category
http://www.wikidata.org/entity/Q3446302,Royalty,Category
http://www.wikidata.org/entity/Q43173,Inquisition,Category
http://www.wikidata.org/entity/Q426,Animal Rights,Category
http://www.wikidata.org/entity/Q628403,Conservation,Category
http://www.wikidata.org/entity/Q7489824,Shark Fin Trading In Costa Rica,Category
http://www.wikidata.org/entity/Q3241045,Disease Outbreak,Category
http://www.wikidata.org/entity/Q37571,Jackson Pollock,Category
http://www.wikidata.org/entity/Q192769,American Revolution,Category
http://www.wikidata.org/entity/Q192139,Neoconservatism,Category
http://www.wikidata.org/entity/Q847731,Islamistic Terrorism,Category
http://www.wikidata.org/entity/Q1129474,Cultural Landscape,Category
http://www.wikidata.org/entity/Q33609,Polar Bear,Category
http://www.wikidata.org/entity/Q40994,Odobenus Rosmarus,Category
http://www.wikidata.org/entity/Q12384,Donkey Kong,Category
http://www.wikidata.org/entity/Q911972,Dunkirk Evacuation,Category
http://www.wikidata.org/entity/Q213626,Jesse James,Category
http://www.wikidata.org/entity/Q918943,Robert Ford,Category
http://www.wikidata.org/entity/Q282439,BatalhãO De OperaçõEs Policiais Especiais,Category
http://www.wikidata.org/entity/Q1026040,Grief,Category
http://www.wikidata.org/entity/Q6005390,Immortality,Category
http://www.wikidata.org/entity/Q334645,Surrogacy,Category
http://www.wikidata.org/entity/Q1097630,Intersex,Category
http://www.wikidata.org/entity/Q190758,Darfur Conflict,Category
http://www.wikidata.org/entity/Q698086,Q698086,Category
http://www.wikidata.org/entity/Q504745,Helvetica,Category
http://www.wikidata.org/entity/Q3619132,Artefact,Category
http://www.wikidata.org/entity/Q8458,Human Rights,Category
http://www.wikidata.org/entity/Q5276691,Dilawar,Category
http://www.wikidata.org/entity/Q422326,Operation Bernhard,Category
http://www.wikidata.org/entity/Q483828,Sigur RóS,Category
http://www.wikidata.org/entity/Q3273003,Mit Blackjack Team,Category
http://www.wikidata.org/entity/Q16211712,Rescue Operation,Category
http://www.wikidata.org/entity/Q172763,Joy Division,Category
http://www.wikidata.org/entity/Q2845,Cannabis,Category
http://www.wikidata.org/entity/Q68,Computer,Category
http://www.wikidata.org/entity/Q11016,Technology,Category
http://www.wikidata.org/entity/Q185785,Ammunition,Category
http://www.wikidata.org/entity/Q205375,Inventor,Category
http://www.wikidata.org/entity/Q873451,Business Ethics,Category
http://www.wikidata.org/entity/Q911554,Business Magnate,Category
http://www.wikidata.org/entity/Q6606110,Industrialist,Category
http://www.wikidata.org/entity/Q783770,Agriculture In The United States,Category
http://www.wikidata.org/entity/Q1027700,Haight-Ashbury,Category
http://www.wikidata.org/entity/Q124100,Bodybuilding,Category
http://www.wikidata.org/entity/Q574376,Human Impact On The Environment,Category
http://www.wikidata.org/entity/Q561252,Y2K,Category
http://www.wikidata.org/entity/Q981327,Haditha Killings,Category
http://www.wikidata.org/entity/Q12195,Poliomyelitis,Category
http://www.wikidata.org/entity/Q201650,Hypocrisy,Category
http://www.wikidata.org/entity/Q1919209,Bravo Two Zero,Category
http://www.wikidata.org/entity/Q3090865,Tightrope Walker,Category
http://www.wikidata.org/entity/Q700781,Enjo KōSai,Category
http://www.wikidata.org/entity/Q49103,Lebanon War,Category
http://www.wikidata.org/entity/Q208199,Sabra And Shatila Massacre,Category
http://www.wikidata.org/entity/Q34006,Hollywood,Category
http://www.wikidata.org/entity/Q36180,Writer,Category
http://www.wikidata.org/entity/Q1052869,Hollywood Ten,Category
http://www.wikidata.org/entity/Q211855,Finnish Civil War,Category
http://www.wikidata.org/entity/Q18550,Mafia,Category
http://www.wikidata.org/entity/Q468804,Camorra,Category
http://www.wikidata.org/entity/Q8386,Drug,Category
http://www.wikidata.org/entity/Q847836,Mass Hysteria,Category
http://www.wikidata.org/entity/Q838498,Eco-Terrorism,Category
http://www.wikidata.org/entity/Q386899,Hit And Run,Category
http://www.wikidata.org/entity/Q71719,Hollywood Walk Of Fame,Category
http://www.wikidata.org/entity/Q1516823,History Of The Jews In Poland,Category
http://www.wikidata.org/entity/Q161790,Asperger Syndrome,Category
http://www.wikidata.org/entity/Q47092,Rape,Category
http://www.wikidata.org/entity/Q210999,Psychiatric Hospital,Category
http://www.wikidata.org/entity/Q183225,Toleration,Category
http://www.wikidata.org/entity/Q188728,Privacy,Category
http://www.wikidata.org/entity/Q7281,Propaganda,Category
http://www.wikidata.org/entity/Q486296,Islamophobia,Category
http://www.wikidata.org/entity/Q1190578,Space Warfare,Category
http://www.wikidata.org/entity/Q127784,Ms-13,Category
http://www.wikidata.org/entity/Q15360275,High School Student,Category
http://www.wikidata.org/entity/Q708767,Danish Resistance Movement,Category
http://www.wikidata.org/entity/Q11033,Mass Media,Category
http://www.wikidata.org/entity/Q545449,Iraq War,Category
http://www.wikidata.org/entity/Q1797867,Lansa Flight 508,Category
http://www.wikidata.org/entity/Q2419495,Norwegian Resistance Movement,Category
http://www.wikidata.org/entity/Q687,MolièRe,Category
http://www.wikidata.org/entity/Q41323,American Football,Category
http://www.wikidata.org/entity/Q1189309,Sham Marriage,Category
http://www.wikidata.org/entity/Q8094772,1883 Eruption Of Krakatoa,Category
http://www.wikidata.org/entity/Q645986,National Reorganization Process,Category
http://www.wikidata.org/entity/Q692942,Westboro Baptist Church,Category
http://www.wikidata.org/entity/Q490035,Greek Resistance,Category
http://www.wikidata.org/entity/Q504081,Greek Military Junta Of 1967–1974,Category
http://www.wikidata.org/entity/Q3736120,Conservative Laestadianism,Category
http://www.wikidata.org/entity/Q154510,Great Recession,Category
http://www.wikidata.org/entity/Q389647,Anti-Capitalism,Category
http://www.wikidata.org/entity/Q1851985,Telerobotics,Category
http://www.wikidata.org/entity/Q154008,Vogue,Category
http://www.wikidata.org/entity/Q685744,Termination Of Employment,Category
http://www.wikidata.org/entity/Q7314,Igor Stravinsky,Category
http://www.wikidata.org/entity/Q45661,Coco Chanel,Category
http://www.wikidata.org/entity/Q2051667,Parallel Universe,Category
http://www.wikidata.org/entity/Q977601,Michael Oher,Category
http://www.wikidata.org/entity/Q40053,Cruelty To Animals,Category
http://www.wikidata.org/entity/Q498478,South Africa National Rugby Union Team,Category
http://www.wikidata.org/entity/Q1130017,1995 Rugby World Cup,Category
http://www.wikidata.org/entity/Q3136857,History Of South Africa,Category
http://www.wikidata.org/entity/Q3336814,Rainbow Nation,Category
http://www.wikidata.org/entity/Q25054194,Goal Pursuit,Category
http://www.wikidata.org/entity/Q7150,Ecology,Category
http://www.wikidata.org/entity/Q190965,Transsexualism,Category
http://www.wikidata.org/entity/Q1135531,Samoans,Category
http://www.wikidata.org/entity/Q312,Apple Inc.,Category
http://www.wikidata.org/entity/Q75687,Apple Macintosh,Category
http://www.wikidata.org/entity/Q192270,Consumption,Category
http://www.wikidata.org/entity/Q179121,Stalinism,Category
http://www.wikidata.org/entity/Q4701,Manfred Von Richthofen,Category
http://www.wikidata.org/entity/Q678503,Imperial German Air Service,Category
http://www.wikidata.org/entity/Q204221,Book Of Kells,Category
http://www.wikidata.org/entity/Q11903,Hypatia,Category
http://www.wikidata.org/entity/Q133132,Paris Commune,Category
http://www.wikidata.org/entity/Q1070872,Love Triangle,Category
http://www.wikidata.org/entity/Q2166722,Betrayal,Category
http://www.wikidata.org/entity/Q692542,Q692542,Category
http://www.wikidata.org/entity/Q849032,Organ Donation,Category
http://www.wikidata.org/entity/Q100159,Euthanasia,Category
http://www.wikidata.org/entity/Q12802,Nuclear Weapon,Category
http://www.wikidata.org/entity/Q1066801,White Trash,Category
http://www.wikidata.org/entity/Q4924253,Blair–Brown Deal,Category
http://www.wikidata.org/entity/Q1309633,Immigration To The United States,Category
http://www.wikidata.org/entity/Q4425624,Dream World,Category
http://www.wikidata.org/entity/Q3327819,Multiverse,Category
http://www.wikidata.org/entity/Q163830,Ip Man,Category
http://www.wikidata.org/entity/Q12133,Hearing Loss,Category
http://www.wikidata.org/entity/Q529723,Al-Anfal Campaign,Category
http://www.wikidata.org/entity/Q7231,Rosa Luxemburg,Category
http://www.wikidata.org/entity/Q7272,Socialism,Category
http://www.wikidata.org/entity/Q537340,Wilhelminism,Category
http://www.wikidata.org/entity/Q44595,Cannibalism,Category
http://www.wikidata.org/entity/Q1406917,Long-Distance Relationship,Category
http://www.wikidata.org/entity/Q355,Facebook,Category
http://www.wikidata.org/entity/Q380,"Facebook, Inc.",Category
http://www.wikidata.org/entity/Q1545259,Howl,Category
http://www.wikidata.org/entity/Q5922194,Howl And Other Poems,Category
http://www.wikidata.org/entity/Q190845,Bdsm,Category
http://www.wikidata.org/entity/Q135010,War Crime,Category
http://www.wikidata.org/entity/Q207469,Mobbing,Category
http://www.wikidata.org/entity/Q6431406,Korangal Valley Campaign,Category
http://www.wikidata.org/entity/Q1882688,Pink Tide,Category
http://www.wikidata.org/entity/Q212912,Haredi Judaism,Category
http://www.wikidata.org/entity/Q170774,Miracle,Category
http://www.wikidata.org/entity/Q128593,Reincarnation,Category
http://www.wikidata.org/entity/Q131755,Bipolar Disorder,Category
http://www.wikidata.org/entity/Q186676,Stuttering,Category
http://www.wikidata.org/entity/Q694752,False Imprisonment,Category
http://www.wikidata.org/entity/Q775332,Fountain Of Youth,Category
http://www.wikidata.org/entity/Q815726,Solidarity,Category
http://www.wikidata.org/entity/Q13416790,Social Equality,Category
http://www.wikidata.org/entity/Q3807312,Jardim Gramacho,Category
http://www.wikidata.org/entity/Q2617137,Racism And Ethnic Discrimination In The United States,Category
http://www.wikidata.org/entity/Q611789,Defense Of Brest Fortress,Category
http://www.wikidata.org/entity/Q131080,Holy Week,Category
http://www.wikidata.org/entity/Q40826,Knut Hamsun,Category
http://www.wikidata.org/entity/Q5428,Siberia,Category
http://www.wikidata.org/entity/Q78707,Yenisei,Category
http://www.wikidata.org/entity/Q161500,Privatization,Category
http://www.wikidata.org/entity/Q917568,Water Privatization,Category
http://www.wikidata.org/entity/Q283,Water,Category
http://www.wikidata.org/entity/Q4438418,Battle Of P'ohang-Dong,Category
http://www.wikidata.org/entity/Q4755058,Andrea Dunbar,Category
http://www.wikidata.org/entity/Q348091,Nuclear Technology,Category
http://www.wikidata.org/entity/Q159386,Rothschild Family,Category
http://www.wikidata.org/entity/Q276453,Monster,Category
http://www.wikidata.org/entity/Q57660,John Rabe,Category
http://www.wikidata.org/entity/Q192055,Nanjing Massacre,Category
http://www.wikidata.org/entity/Q701180,Battle Of Nanking,Category
http://www.wikidata.org/entity/Q716283,Nanking Safety Zone,Category
http://www.wikidata.org/entity/Q36963,Hunting,Category
http://www.wikidata.org/entity/Q165725,Balkan Wars,Category
http://www.wikidata.org/entity/Q1198159,Jiangshi,Category
http://www.wikidata.org/entity/Q3034864,Dominic Noonan,Category
http://www.wikidata.org/entity/Q2422891,Green Lantern Corps,Category
http://www.wikidata.org/entity/Q13878863,Rewilding,Category
http://www.wikidata.org/entity/Q21142862,Decay,Category
http://www.wikidata.org/entity/Q1057214,Private Military Company,Category
http://www.wikidata.org/entity/Q14919,Air Guitar,Category
http://www.wikidata.org/entity/Q455266,Ingrid Jonker,Category
http://www.wikidata.org/entity/Q2979,Liberty,Category
http://www.wikidata.org/entity/Q212900,Lehman Brothers,Category
http://www.wikidata.org/entity/Q2735540,Sexual Addiction,Category
http://www.wikidata.org/entity/Q945700,Civil War In Chad  (2005–2010),Category
http://www.wikidata.org/entity/Q53121,Cycling,Category
http://www.wikidata.org/entity/Q10294,Poverty,Category
http://www.wikidata.org/entity/Q191600,Civil And Political Rights,Category
http://www.wikidata.org/entity/Q7310,Nazism,Category
http://www.wikidata.org/entity/Q318064,DōGen,Category
http://www.wikidata.org/entity/Q7232372,Portrayal Of Native Americans In Film,Category
http://www.wikidata.org/entity/Q74950,Objectivism,Category
http://www.wikidata.org/entity/Q609408,Self-Organization,Category
http://www.wikidata.org/entity/Q2246744,Balance Of Nature,Category
http://www.wikidata.org/entity/Q3080021,Gene-Centered View Of Evolution,Category
http://www.wikidata.org/entity/Q2890153,Suicide Among LGBT Youth,Category
http://www.wikidata.org/entity/Q2691275,Honor Killing,Category
http://www.wikidata.org/entity/Q675228,Vel' D'hiv Roundup,Category
http://www.wikidata.org/entity/Q2447023,Toynbee Tiles,Category
http://www.wikidata.org/entity/Q157928,Maria Anna Mozart,Category
http://www.wikidata.org/entity/Q231579,Q231579,Category
http://www.wikidata.org/entity/Q971830,Matt Hamill,Category
http://www.wikidata.org/entity/Q5682526,Hauka,Category
http://www.wikidata.org/entity/Q1568164,BastøY Prison,Category
http://www.wikidata.org/entity/Q1277648,Earth Liberation Front,Category
http://www.wikidata.org/entity/Q5217222,Daniel G. Mcgowan,Category
http://www.wikidata.org/entity/Q620735,Russo-Georgian War,Category
http://www.wikidata.org/entity/Q4126704,Pan Troglodytes,Category
http://www.wikidata.org/entity/Q3378593,Substance Dependence,Category
http://www.wikidata.org/entity/Q5007920,David A. Siegel,Category
http://www.wikidata.org/entity/Q7988847,Westgate Resorts,Category
http://www.wikidata.org/entity/Q14686482,Versailles House,Category
http://www.wikidata.org/entity/Q16538,South Park,Category
http://www.wikidata.org/entity/Q217327,Suicide Attack,Category
http://www.wikidata.org/entity/Q516739,Road Transport,Category
http://www.wikidata.org/entity/Q166376,Doping In Sport,Category
http://www.wikidata.org/entity/Q1393736,2001 Doping Scandal In Lahti,Category
http://www.wikidata.org/entity/Q15072719,Accidental Travel,Category
http://www.wikidata.org/entity/Q589673,Iran Hostage Crisis,Category
http://www.wikidata.org/entity/Q1032059,Canadian Caper,Category
http://www.wikidata.org/entity/Q23036198,Hostage-Rescue Mission,Category
http://www.wikidata.org/entity/Q185517,War On Drugs,Category
http://www.wikidata.org/entity/Q1459937,Incarceration In The United States,Category
http://www.wikidata.org/entity/Q7245880,Prison–Industrial Complex,Category
http://www.wikidata.org/entity/Q326843,Lithuania National Basketball Team,Category
http://www.wikidata.org/entity/Q12029,Addiction,Category
http://www.wikidata.org/entity/Q166005,Xenophobia,Category
http://www.wikidata.org/entity/Q91,Abraham Lincoln,Category
http://www.wikidata.org/entity/Q854851,Counterfeit Money,Category
http://www.wikidata.org/entity/Q407217,Dimethyltryptamine,Category
http://www.wikidata.org/entity/Q707547,Jedwabne Pogrom,Category
http://www.wikidata.org/entity/Q5422335,Extreme Ice Survey,Category
http://www.wikidata.org/entity/Q6129316,James Balog,Category
http://www.wikidata.org/entity/Q6954884,Nokas Robbery,Category
http://www.wikidata.org/entity/Q222573,Femme Fatale,Category
http://www.wikidata.org/entity/Q1129295,Mojang,Category
http://www.wikidata.org/entity/Q1536279,Flight And Expulsion Of Germans,Category
http://www.wikidata.org/entity/Q5061609,Central Park Jogger Case,Category
http://www.wikidata.org/entity/Q172663,Exorcism,Category
http://www.wikidata.org/entity/Q15296933,Tanacu Exorcism,Category
http://www.wikidata.org/entity/Q2825851,Omar Raddad Affair,Category
http://www.wikidata.org/entity/Q204025,Kon-Tiki,Category
http://www.wikidata.org/entity/Q2640883,Spanish-Style Bullfighting,Category
http://www.wikidata.org/entity/Q200464,Portuguese Empire,Category
http://www.wikidata.org/entity/Q609836,Portuguese Colonial War,Category
http://www.wikidata.org/entity/Q3454843,"Chilean National Plebiscite, 1988",Category
http://www.wikidata.org/entity/Q17478872,"Chile, La AlegríA Ya Viene",Category
http://www.wikidata.org/entity/Q137544,Bang-Bang Club,Category
http://www.wikidata.org/entity/Q25322,Arctic,Category
http://www.wikidata.org/entity/Q1555938,Antarctic,Category
http://www.wikidata.org/entity/Q22663,The Pirate Bay,Category
http://www.wikidata.org/entity/Q273933,Marie KrøYer,Category
http://www.wikidata.org/entity/Q35525,White House,Category
http://www.wikidata.org/entity/Q1877315,Luna,Category
http://www.wikidata.org/entity/Q1487,Hacker,Category
http://www.wikidata.org/entity/Q1927978,Michael Peterson,Category
http://www.wikidata.org/entity/Q6376883,Kathleen Peterson,Category
http://www.wikidata.org/entity/Q221048,Jackie Robinson,Category
http://www.wikidata.org/entity/Q84222,Natascha Kampusch,Category
http://www.wikidata.org/entity/Q5043,Christianity,Category
http://www.wikidata.org/entity/Q1930187,Journalist,Category
http://www.wikidata.org/entity/Q60025,Hannah Arendt,Category
http://www.wikidata.org/entity/Q564946,Stanford Torus,Category
http://www.wikidata.org/entity/Q7551,Pussy Riot,Category
http://www.wikidata.org/entity/Q179742,Prejudice,Category
http://www.wikidata.org/entity/Q332102,Paranormal Phenomenon,Category
http://www.wikidata.org/entity/Q540102,Seaworld,Category
http://www.wikidata.org/entity/Q214451,Piracy Off The Coast Of Somalia,Category
http://www.wikidata.org/entity/Q175975,Internet Privacy,Category
http://www.wikidata.org/entity/Q37038,Advertising,Category
http://www.wikidata.org/entity/Q167270,Trademark,Category
http://www.wikidata.org/entity/Q749457,Product Placement,Category
http://www.wikidata.org/entity/Q69387,1976 Formula One Season,Category
http://www.wikidata.org/entity/Q78489,Niki Lauda,Category
http://www.wikidata.org/entity/Q140393,James Hunt,Category
http://www.wikidata.org/entity/Q171995,Individualism,Category
http://www.wikidata.org/entity/Q5130061,Clay V. United States,Category
http://www.wikidata.org/entity/Q1920844,Human Echolocation,Category
http://www.wikidata.org/entity/Q1818072,Maersk Alabama Hijacking,Category
http://www.wikidata.org/entity/Q213098,Progeria,Category
http://www.wikidata.org/entity/Q131017,Population Exchange Between Greece And Turkey,Category
http://www.wikidata.org/entity/Q359,Wikileaks,Category
http://www.wikidata.org/entity/Q334401,Surveillance,Category
http://www.wikidata.org/entity/Q2526135,Security,Category
http://www.wikidata.org/entity/Q1307611,Single-Handed Sailing,Category
http://www.wikidata.org/entity/Q908717,Twa Flight 800,Category
http://www.wikidata.org/entity/Q83479,History Of Association Football,Category
http://www.wikidata.org/entity/Q39,Switzerland,Category
http://www.wikidata.org/entity/Q30034,Apis Melliferlol,Category
http://www.wikidata.org/entity/Q4666137,"209Th Detachment, 2325Th Group",Category
http://www.wikidata.org/entity/Q159236,Genetic Engineering,Category
http://www.wikidata.org/entity/Q223689,Pietà,Category
http://www.wikidata.org/entity/Q814484,Dyatlov Pass Incident,Category
http://www.wikidata.org/entity/Q1841,Catholicism,Category
http://www.wikidata.org/entity/Q6186,Communism,Category
http://www.wikidata.org/entity/Q75984,Dirty War,Category
http://www.wikidata.org/entity/Q1254402,SrđAn Aleksić,Category
http://www.wikidata.org/entity/Q595094,Sister,Category
http://www.wikidata.org/entity/Q6087423,Self-Confidence,Category
http://www.wikidata.org/entity/Q41264,Johannes Vermeer,Category
http://www.wikidata.org/entity/Q183998,Camera Obscura,Category
http://www.wikidata.org/entity/Q2336984,The Music Lesson,Category
http://www.wikidata.org/entity/Q33402126,Tim Jenison,Category
http://www.wikidata.org/entity/Q41466,Ice Hockey,Category
http://www.wikidata.org/entity/Q3354826,Operation Red Wings,Category
http://www.wikidata.org/entity/Q17044929,Belarusian Resistance During World War Ii,Category
http://www.wikidata.org/entity/Q2372493,Chaharshanbe Suri,Category
http://www.wikidata.org/entity/Q3742303,Finnair Flight 405,Category
http://www.wikidata.org/entity/Q153579,Stephen Sondheim,Category
http://www.wikidata.org/entity/Q365456,Dennis Rader,Category
http://www.wikidata.org/entity/Q622899,Drug Enforcement Administration,Category
http://www.wikidata.org/entity/Q1260006,Drug Cartel,Category
http://www.wikidata.org/entity/Q2211650,Sadomasochism,Category
http://www.wikidata.org/entity/Q2600471,2008 K2 Disaster,Category
http://www.wikidata.org/entity/Q834826,Interstellar Travel,Category
http://www.wikidata.org/entity/Q16003532,Middle School Student,Category
http://www.wikidata.org/entity/Q16003605,Elementary School Student,Category
http://www.wikidata.org/entity/Q484000,Unmanned Aerial Vehicle,Category
http://www.wikidata.org/entity/Q1142566,The National,Category
http://www.wikidata.org/entity/Q2267982,Mind Uploading,Category
http://www.wikidata.org/entity/Q151250,Neo-Nazism,Category
http://www.wikidata.org/entity/Q784749,Ten Percent Of Brain Myth,Category
http://www.wikidata.org/entity/Q188784,Superhero,Category
http://www.wikidata.org/entity/Q18011127,Dune,Category
http://www.wikidata.org/entity/Q200890,Vivian Maier,Category
http://www.wikidata.org/entity/Q168489,Lebensborn,Category
http://www.wikidata.org/entity/Q484,Laziness,Category
http://www.wikidata.org/entity/Q2827186,Agriculture In France,Category
http://www.wikidata.org/entity/Q592,Gay,Category
http://www.wikidata.org/entity/Q43200,Bisexuality,Category
http://www.wikidata.org/entity/Q806824,Bank Robbery,Category
http://www.wikidata.org/entity/Q1058876,Real Life,Category
http://www.wikidata.org/entity/Q3395345,John Wojtowicz,Category
http://www.wikidata.org/entity/Q1492814,GaláPagos Affair,Category
http://www.wikidata.org/entity/Q918544,1984–85 Uk Miners' Strike,Category
http://www.wikidata.org/entity/Q6530271,Lesbians And Gays Support The Miners,Category
http://www.wikidata.org/entity/Q485508,Charles Manson,Category
http://www.wikidata.org/entity/Q170612,Telepathy,Category
http://www.wikidata.org/entity/Q30061417,Vampire In A Work Of Fiction,Category
http://www.wikidata.org/entity/Q4621445,Vigilante,Category
http://www.wikidata.org/entity/Q193563,BibliothèQue Nationale De France,Category
http://www.wikidata.org/entity/Q568312,Armored Warfare,Category
http://www.wikidata.org/entity/Q28130198,Harmontown,Category
http://www.wikidata.org/entity/Q12948581,Copyright,Category
http://www.wikidata.org/entity/Q159758,J. M. W. Turner,Category
http://www.wikidata.org/entity/Q7341,Auschwitz Concentration Camps,Category
http://www.wikidata.org/entity/Q1209169,War In Abkhazia,Category
http://www.wikidata.org/entity/Q7251,Alan Turing,Category
http://www.wikidata.org/entity/Q1546808,Grim Sleeper,Category
http://www.wikidata.org/entity/Q862571,Petroleum Industry,Category
http://www.wikidata.org/entity/Q13644106,Global Surveillance Disclosures (2013–Present),Category
http://www.wikidata.org/entity/Q182865,War In Afghanistan,Category
http://www.wikidata.org/entity/Q3237234,Levitated Mass,Category
http://www.wikidata.org/entity/Q18736,Stoke City F.C.,Category
http://www.wikidata.org/entity/Q1737734,University Of Keele,Category
http://www.wikidata.org/entity/Q18147689,Neil Baldwin,Category
http://www.wikidata.org/entity/Q964131,Generation Ship,Category
http://www.wikidata.org/entity/Q423,North Korea,Category
http://www.wikidata.org/entity/Q81672,Assault,Category
http://www.wikidata.org/entity/Q180788,National Gallery,Category
http://www.wikidata.org/entity/Q358158,SebastiãO Salgado,Category
http://www.wikidata.org/entity/Q240496,Lizzie Borden,Category
http://www.wikidata.org/entity/Q235946,Elizabeth Bishop,Category
http://www.wikidata.org/entity/Q10319837,Lota De Macedo Soares,Category
http://www.wikidata.org/entity/Q737786,Giuseppe Moscati,Category
http://www.wikidata.org/entity/Q823422,National Film Registry,Category
http://www.wikidata.org/entity/Q918286,1924 British Mount Everest Expedition,Category
http://www.wikidata.org/entity/Q313246,David Foster Wallace,Category
http://www.wikidata.org/entity/Q209041,Platonic Love,Category
http://www.wikidata.org/entity/Q183976,Vhs,Category
http://www.wikidata.org/entity/Q33761,Arab Spring,Category
http://www.wikidata.org/entity/Q632787,Insurgency In The Maghreb (2002–),Category
http://www.wikidata.org/entity/Q691539,Der Kreis,Category
http://www.wikidata.org/entity/Q33933,Operation Entebbe,Category
http://www.wikidata.org/entity/Q46615,Summit Series,Category
http://www.wikidata.org/entity/Q380267,Valeri Kharlamov,Category
http://www.wikidata.org/entity/Q3938263,Robert Durst,Category
http://www.wikidata.org/entity/Q19020,Academy Awards,Category
http://www.wikidata.org/entity/Q643802,North American Video Game Crash Of 1983,Category
http://www.wikidata.org/entity/Q34660,J. K. Rowling,Category
http://www.wikidata.org/entity/Q337349,Honesty,Category
http://www.wikidata.org/entity/Q2821677,Self-Denial,Category
http://www.wikidata.org/entity/Q20087025,Self-Sacrifice,Category
http://www.wikidata.org/entity/Q450802,Vera Brittain,Category
http://www.wikidata.org/entity/Q4169,Outer Space,Category
http://www.wikidata.org/entity/Q12187,Antibiotic,Category
http://www.wikidata.org/entity/Q380775,Antibiotic Resistance,Category
http://www.wikidata.org/entity/Q1295316,Emergency Department,Category
http://www.wikidata.org/entity/Q6682058,Los Angeles County+Usc Medical Center,Category
http://www.wikidata.org/entity/Q11631,Astronaut,Category
http://www.wikidata.org/entity/Q51075,Manned Mission To Mars,Category
http://www.wikidata.org/entity/Q716774,Exploration Of Mars,Category
http://www.wikidata.org/entity/Q838950,Colonization Of Mars,Category
http://www.wikidata.org/entity/Q4871598,Battle Of Longewala,Category
http://www.wikidata.org/entity/Q159979,Twin,Category
http://www.wikidata.org/entity/Q23058619,Mission Blue,Category
http://www.wikidata.org/entity/Q259745,Witchcraft,Category
http://www.wikidata.org/entity/Q7461639,Shahid Azmi,Category
http://www.wikidata.org/entity/Q66075,Niccolò Paganini,Category
http://www.wikidata.org/entity/Q13582359,Superman Lives,Category
http://www.wikidata.org/entity/Q6827329,Miami Hurricanes Football,Category
http://www.wikidata.org/entity/Q209982,DražEn Petrović,Category
http://www.wikidata.org/entity/Q1575189,JuáRez Cartel,Category
http://www.wikidata.org/entity/Q395,Mathematics,Category
http://www.wikidata.org/entity/Q134862,Champagne,Category
http://www.wikidata.org/entity/Q4581203,1983 Soviet Nuclear False Alarm Incident,Category
http://www.wikidata.org/entity/Q8072,Volcano,Category
http://www.wikidata.org/entity/Q87138,Greco-Turkish War (1919–1922),Category
http://www.wikidata.org/entity/Q220528,Rebetiko,Category
http://www.wikidata.org/entity/Q151932,Irena Sendler,Category
http://www.wikidata.org/entity/Q486,Chernobyl Disaster,Category
http://www.wikidata.org/entity/Q77269,Johann Georg Elser,Category
http://www.wikidata.org/entity/Q5180835,Craig Cobb,Category
http://www.wikidata.org/entity/Q486851,Sleep Paralysis,Category
http://www.wikidata.org/entity/Q154940,Lapland War,Category
http://www.wikidata.org/entity/Q36908,Mountaineering,Category
http://www.wikidata.org/entity/Q311773,Sonderkommando,Category
http://www.wikidata.org/entity/Q231360,Gertrude Bell,Category
http://www.wikidata.org/entity/Q18700978,Biri Girl,Category
http://www.wikidata.org/entity/Q1723121,Laurel Hester,Category
http://www.wikidata.org/entity/Q10352059,Portuguese Presence In Asia,Category
http://www.wikidata.org/entity/Q91558,Back To The Future Trilogy,Category
http://www.wikidata.org/entity/Q421,Unidentified Flying Object,Category
http://www.wikidata.org/entity/Q892757,Alien Abduction,Category
http://www.wikidata.org/entity/Q7942,Global Warming,Category
http://www.wikidata.org/entity/Q1142948,Legal Separation,Category
http://www.wikidata.org/entity/Q14756018,Twins,Category
http://www.wikidata.org/entity/Q573799,Anthony Porter,Category
http://www.wikidata.org/entity/Q15224558,Euromaidan,Category
http://www.wikidata.org/entity/Q896666,Financial Crisis Of 2007–08,Category
http://www.wikidata.org/entity/Q1400612,Art Forgery,Category
http://www.wikidata.org/entity/Q6515847,Leeds Bridge,Category
http://www.wikidata.org/entity/Q16290,Star Trek: The Next Generation,Category
http://www.wikidata.org/entity/Q51402,Stonewall Riots,Category
http://www.wikidata.org/entity/Q510866,Criko,Category
http://www.wikidata.org/entity/Q16509697,Talvivaara Mine,Category
http://www.wikidata.org/entity/Q282,Wine,Category
http://www.wikidata.org/entity/Q167172,Stereotype,Category
http://www.wikidata.org/entity/Q1230584,Diversity,Category
http://www.wikidata.org/entity/Q790483,Barkley Marathons,Category
http://www.wikidata.org/entity/Q2462215,Nazi Hunter,Category
http://www.wikidata.org/entity/Q120843,Second Chechen War,Category
http://www.wikidata.org/entity/Q18748999,Grace,Category
http://www.wikidata.org/entity/Q182559,Mermaid,Category
http://www.wikidata.org/entity/Q7784249,Thinthread,Category
http://www.wikidata.org/entity/Q392933,Arms Industry,Category
http://www.wikidata.org/entity/Q35794,University Of Cambridge,Category
http://www.wikidata.org/entity/Q83163,Srinivasa Ramanujan,Category
http://www.wikidata.org/entity/Q184337,G.H. Hardy,Category
http://www.wikidata.org/entity/Q7687136,Taser Safety Issues,Category
http://www.wikidata.org/entity/Q9137247,Taser,Category
http://www.wikidata.org/entity/Q47152,Mary Shelley,Category
http://www.wikidata.org/entity/Q121194,National Security Agency,Category
http://www.wikidata.org/entity/Q48592,Noma,Category
http://www.wikidata.org/entity/Q172809,Ten-Pin Bowling,Category
http://www.wikidata.org/entity/Q131036,Scientology,Category
http://www.wikidata.org/entity/Q21812812,2016 United Kingdom European Union Membership Referendum,Category
http://www.wikidata.org/entity/Q1977453,Second-Wave Feminism,Category
http://www.wikidata.org/entity/Q20806246,2015 Crossfit Games,Category
http://www.wikidata.org/entity/Q1067692,Gay Pornography,Category
http://www.wikidata.org/entity/Q4441,Emily Dickinson,Category
http://www.wikidata.org/entity/Q150586,"Rudolf Ii, Holy Roman Emperor",Category
http://www.wikidata.org/entity/Q215085,Golem,Category
http://www.wikidata.org/entity/Q385378,Construction,Category
http://www.wikidata.org/entity/Q192660,Battle Of Okinawa,Category
http://www.wikidata.org/entity/Q622312,Apulanta,Category
http://www.wikidata.org/entity/Q449014,Christine Chubbuck,Category
http://www.wikidata.org/entity/Q28403236,University Of Texas Tower Shooting,Category
http://www.wikidata.org/entity/Q14539980,Suicide Of Audrie Pott,Category
http://www.wikidata.org/entity/Q22343563,Daisy Coleman,Category
http://www.wikidata.org/entity/Q3339529,Nibbler,Category
http://www.wikidata.org/entity/Q7547485,Sneaker Collecting,Category
http://www.wikidata.org/entity/Q2404547,Siege Of Jadotville,Category
http://www.wikidata.org/entity/Q7424473,Saroo Brierley,Category
http://www.wikidata.org/entity/Q2745383,Dries Riphagen,Category
http://www.wikidata.org/entity/Q20121517,Donald Trump 2016 Presidential Campaign,Category
http://www.wikidata.org/entity/Q735234,Quest,Category
http://www.wikidata.org/entity/Q12827256,Myth,Category
http://www.wikidata.org/entity/Q12206942,Darth Vader,Category
http://www.wikidata.org/entity/Q151290,Battle Of Moscow,Category
http://www.wikidata.org/entity/Q7377637,Rudy Kurniawan,Category
http://www.wikidata.org/entity/Q1932,Space Race,Category
http://www.wikidata.org/entity/Q28464912,Women In Mathematics,Category
http://www.wikidata.org/entity/Q778699,Siege Of Baler,Category
http://www.wikidata.org/entity/Q406,Istanbul,Category
http://www.wikidata.org/entity/Q2404562,Feral Cat,Category
http://www.wikidata.org/entity/Q178810,Syrian Civil War,Category
http://www.wikidata.org/entity/Q22909229,White Helmets,Category
http://www.wikidata.org/entity/Q11081,Alzheimer's Disease,Category
http://www.wikidata.org/entity/Q332154,Aging,Category
http://www.wikidata.org/entity/Q162401,Prague Spring,Category
http://www.wikidata.org/entity/Q3359848,History Of Czechoslovakia,Category
http://www.wikidata.org/entity/Q750652,Mourning,Category
http://www.wikidata.org/entity/Q217528,Oklahoma City Bombing,Category
http://www.wikidata.org/entity/Q131723,Bitcoin,Category
http://www.wikidata.org/entity/Q2303143,Recluse,Category
http://www.wikidata.org/entity/Q44122,Django Reinhardt,Category
http://www.wikidata.org/entity/Q24005139,Megan Leavey,Category
http://www.wikidata.org/entity/Q1647793,Henrietta Lacks,Category
http://www.wikidata.org/entity/Q695020,Massacres Of Poles In Volhynia And Eastern Galicia,Category
http://www.wikidata.org/entity/Q294435,Thomas Cromwell,Category
http://www.wikidata.org/entity/Q155311,Voyager Program,Category
http://www.wikidata.org/entity/Q526556,Kincsem,Category
http://www.wikidata.org/entity/Q568916,Coral Bleaching,Category
http://www.wikidata.org/entity/Q44854,Squatting,Category
http://www.wikidata.org/entity/Q696187,1992 Los Angeles Riots,Category
http://www.wikidata.org/entity/Q2715405,Ufo Conspiracy Theory,Category
http://www.wikidata.org/entity/Q170484,Lego,Category
http://www.wikidata.org/entity/Q301646,John Gotti,Category
http://www.wikidata.org/entity/Q236278,Tonya Harding,Category
http://www.wikidata.org/entity/Q7982819,Wendy Whelan,Category
http://www.wikidata.org/entity/Q2108629,Q2108629,Category
http://www.wikidata.org/entity/Q122100,Continuation War,Category
http://www.wikidata.org/entity/Q4690760,Aftermath Of The Holocaust,Category
http://www.wikidata.org/entity/Q24963352,Gerald Foos,Category
http://www.wikidata.org/entity/Q16424944,Geirfinnur Case,Category
http://www.wikidata.org/entity/Q20857086,2015 Thalys Train Attack,Category
http://www.wikidata.org/entity/Q16335075,War In Donbass,Category
http://www.wikidata.org/entity/Q4079047,1972 Olympic Men's Basketball Final,Category
http://www.wikidata.org/entity/Q176132,Lord Voldemort,Category
http://www.wikidata.org/entity/Q5410773,Harry Potter Universe,Category
http://www.wikidata.org/entity/Q371938,Chicago,Category
http://www.wikidata.org/entity/Q22329209,Alphago,Category
http://www.wikidata.org/entity/Q23016184,Alphago Versus Lee Sedol,Category
http://www.wikidata.org/entity/Q7614463,Steven Avery,Category
http://www.wikidata.org/entity/Q24689254,Brendan Dassey,Category
http://www.wikidata.org/entity/Q208099,Coming Out,Category
http://www.wikidata.org/entity/Q20085770,Rachel Dolezal,Category
http://www.wikidata.org/entity/Q2980154,Book Club,Category
http://www.wikidata.org/entity/Q866081,Femininity,Category
http://www.wikidata.org/entity/Q1076509,Masculinity,Category
http://www.wikidata.org/entity/Q51802,Han Solo,Category
http://www.wikidata.org/entity/Q1566000,Superintelligence,Category
http://www.wikidata.org/entity/Q2495354,Human Enhancement,Category
