:START_ID,:END_ID,:TYPE
http://www.wikidata.org/entity/Q222939,http://www.wikidata.org/entity/Q20762680,FOLLOWED_BY
http://www.wikidata.org/entity/Q19089,http://www.wikidata.org/entity/Q207916,FOLLOWED_BY
http://www.wikidata.org/entity/Q261923,http://www.wikidata.org/entity/Q572903,FOLLOWED_BY
http://www.wikidata.org/entity/Q171048,http://www.wikidata.org/entity/Q187266,FOLLOWED_BY
http://www.wikidata.org/entity/Q171048,http://www.wikidata.org/entity/Q216153,FOLLOWED_BY
http://www.wikidata.org/entity/Q720724,http://www.wikidata.org/entity/Q690892,FOLLOWED_BY
http://www.wikidata.org/entity/Q819196,http://www.wikidata.org/entity/Q426837,FOLLOWED_BY
http://www.wikidata.org/entity/Q218894,http://www.wikidata.org/entity/Q213787,FOLLOWED_BY
http://www.wikidata.org/entity/Q1788520,http://www.wikidata.org/entity/Q1458649,FOLLOWED_BY
http://www.wikidata.org/entity/Q460379,http://www.wikidata.org/entity/Q539269,FOLLOWED_BY
http://www.wikidata.org/entity/Q221345,http://www.wikidata.org/entity/Q276523,FOLLOWED_BY
http://www.wikidata.org/entity/Q2479210,http://www.wikidata.org/entity/Q629570,FOLLOWED_BY
http://www.wikidata.org/entity/Q465009,http://www.wikidata.org/entity/Q93853,FOLLOWED_BY
http://www.wikidata.org/entity/Q106871,http://www.wikidata.org/entity/Q50861,FOLLOWED_BY
http://www.wikidata.org/entity/Q39999,http://www.wikidata.org/entity/Q40115,FOLLOWED_BY
http://www.wikidata.org/entity/Q337747,http://www.wikidata.org/entity/Q602389,FOLLOWED_BY
http://www.wikidata.org/entity/Q659609,http://www.wikidata.org/entity/Q652186,FOLLOWED_BY
http://www.wikidata.org/entity/Q747877,http://www.wikidata.org/entity/Q784514,FOLLOWED_BY
http://www.wikidata.org/entity/Q462418,http://www.wikidata.org/entity/Q14932750,FOLLOWED_BY
http://www.wikidata.org/entity/Q462418,http://www.wikidata.org/entity/Q1265087,FOLLOWED_BY
http://www.wikidata.org/entity/Q17738,http://www.wikidata.org/entity/Q181795,FOLLOWED_BY
http://www.wikidata.org/entity/Q933437,http://www.wikidata.org/entity/Q952142,FOLLOWED_BY
http://www.wikidata.org/entity/Q932814,http://www.wikidata.org/entity/Q933437,FOLLOWED_BY
http://www.wikidata.org/entity/Q497850,http://www.wikidata.org/entity/Q1469426,FOLLOWED_BY
http://www.wikidata.org/entity/Q506032,http://www.wikidata.org/entity/Q109135,FOLLOWED_BY
http://www.wikidata.org/entity/Q723679,http://www.wikidata.org/entity/Q221236,FOLLOWED_BY
http://www.wikidata.org/entity/Q340138,http://www.wikidata.org/entity/Q340127,FOLLOWED_BY
http://www.wikidata.org/entity/Q1392442,http://www.wikidata.org/entity/Q1048846,FOLLOWED_BY
http://www.wikidata.org/entity/Q602094,http://www.wikidata.org/entity/Q939084,FOLLOWED_BY
http://www.wikidata.org/entity/Q250912,http://www.wikidata.org/entity/Q302181,FOLLOWED_BY
http://www.wikidata.org/entity/Q36479,http://www.wikidata.org/entity/Q218894,FOLLOWED_BY
http://www.wikidata.org/entity/Q636166,http://www.wikidata.org/entity/Q965859,FOLLOWED_BY
http://www.wikidata.org/entity/Q108006,http://www.wikidata.org/entity/Q831800,FOLLOWED_BY
http://www.wikidata.org/entity/Q994209,http://www.wikidata.org/entity/Q1617964,FOLLOWED_BY
http://www.wikidata.org/entity/Q473628,http://www.wikidata.org/entity/Q584057,FOLLOWED_BY
http://www.wikidata.org/entity/Q156309,http://www.wikidata.org/entity/Q499535,FOLLOWED_BY
http://www.wikidata.org/entity/Q167726,http://www.wikidata.org/entity/Q200873,FOLLOWED_BY
http://www.wikidata.org/entity/Q184843,http://www.wikidata.org/entity/Q21500755,FOLLOWED_BY
http://www.wikidata.org/entity/Q841233,http://www.wikidata.org/entity/Q864518,FOLLOWED_BY
http://www.wikidata.org/entity/Q105031,http://www.wikidata.org/entity/Q221202,FOLLOWED_BY
http://www.wikidata.org/entity/Q134430,http://www.wikidata.org/entity/Q4341553,FOLLOWED_BY
http://www.wikidata.org/entity/Q170564,http://www.wikidata.org/entity/Q29054009,FOLLOWED_BY
http://www.wikidata.org/entity/Q215518,http://www.wikidata.org/entity/Q817261,FOLLOWED_BY
http://www.wikidata.org/entity/Q215518,http://www.wikidata.org/entity/Q36479,FOLLOWED_BY
http://www.wikidata.org/entity/Q215518,http://www.wikidata.org/entity/Q817003,FOLLOWED_BY
http://www.wikidata.org/entity/Q133654,http://www.wikidata.org/entity/Q722682,FOLLOWED_BY
http://www.wikidata.org/entity/Q116852,http://www.wikidata.org/entity/Q189054,FOLLOWED_BY
http://www.wikidata.org/entity/Q179673,http://www.wikidata.org/entity/Q215518,FOLLOWED_BY
http://www.wikidata.org/entity/Q4341553,http://www.wikidata.org/entity/Q943192,FOLLOWED_BY
http://www.wikidata.org/entity/Q184701,http://www.wikidata.org/entity/Q19090,FOLLOWED_BY
http://www.wikidata.org/entity/Q1741232,http://www.wikidata.org/entity/Q505790,FOLLOWED_BY
http://www.wikidata.org/entity/Q216929,http://www.wikidata.org/entity/Q190135,FOLLOWED_BY
http://www.wikidata.org/entity/Q1066948,http://www.wikidata.org/entity/Q1058469,FOLLOWED_BY
http://www.wikidata.org/entity/Q105387,http://www.wikidata.org/entity/Q19614711,FOLLOWED_BY
http://www.wikidata.org/entity/Q109135,http://www.wikidata.org/entity/Q23758755,FOLLOWED_BY
http://www.wikidata.org/entity/Q936576,http://www.wikidata.org/entity/Q599432,FOLLOWED_BY
http://www.wikidata.org/entity/Q302181,http://www.wikidata.org/entity/Q686049,FOLLOWED_BY
http://www.wikidata.org/entity/Q213787,http://www.wikidata.org/entity/Q271189,FOLLOWED_BY
http://www.wikidata.org/entity/Q1144956,http://www.wikidata.org/entity/Q1144962,FOLLOWED_BY
http://www.wikidata.org/entity/Q47703,http://www.wikidata.org/entity/Q184768,FOLLOWED_BY
http://www.wikidata.org/entity/Q1138055,http://www.wikidata.org/entity/Q1050815,FOLLOWED_BY
http://www.wikidata.org/entity/Q103474,http://www.wikidata.org/entity/Q211784,FOLLOWED_BY
http://www.wikidata.org/entity/Q623051,http://www.wikidata.org/entity/Q219155,FOLLOWED_BY
http://www.wikidata.org/entity/Q1609444,http://www.wikidata.org/entity/Q1199687,FOLLOWED_BY
http://www.wikidata.org/entity/Q230558,http://www.wikidata.org/entity/Q889691,FOLLOWED_BY
http://www.wikidata.org/entity/Q1305705,http://www.wikidata.org/entity/Q1609444,FOLLOWED_BY
http://www.wikidata.org/entity/Q204662,http://www.wikidata.org/entity/Q199839,FOLLOWED_BY
http://www.wikidata.org/entity/Q40895,http://www.wikidata.org/entity/Q43051,FOLLOWED_BY
http://www.wikidata.org/entity/Q105598,http://www.wikidata.org/entity/Q105993,FOLLOWED_BY
http://www.wikidata.org/entity/Q189875,http://www.wikidata.org/entity/Q270470,FOLLOWED_BY
http://www.wikidata.org/entity/Q40302,http://www.wikidata.org/entity/Q329316,FOLLOWED_BY
http://www.wikidata.org/entity/Q191753,http://www.wikidata.org/entity/Q189875,FOLLOWED_BY
http://www.wikidata.org/entity/Q463313,http://www.wikidata.org/entity/Q193573,FOLLOWED_BY
http://www.wikidata.org/entity/Q466186,http://www.wikidata.org/entity/Q496019,FOLLOWED_BY
http://www.wikidata.org/entity/Q190643,http://www.wikidata.org/entity/Q471159,FOLLOWED_BY
http://www.wikidata.org/entity/Q146673,http://www.wikidata.org/entity/Q810012,FOLLOWED_BY
http://www.wikidata.org/entity/Q579480,http://www.wikidata.org/entity/Q1133395,FOLLOWED_BY
http://www.wikidata.org/entity/Q1315577,http://www.wikidata.org/entity/Q603092,FOLLOWED_BY
http://www.wikidata.org/entity/Q1969617,http://www.wikidata.org/entity/Q400097,FOLLOWED_BY
http://www.wikidata.org/entity/Q1346439,http://www.wikidata.org/entity/Q463313,FOLLOWED_BY
http://www.wikidata.org/entity/Q174284,http://www.wikidata.org/entity/Q179215,FOLLOWED_BY
http://www.wikidata.org/entity/Q25057,http://www.wikidata.org/entity/Q1210832,FOLLOWED_BY
http://www.wikidata.org/entity/Q104814,http://www.wikidata.org/entity/Q108543,FOLLOWED_BY
http://www.wikidata.org/entity/Q181795,http://www.wikidata.org/entity/Q181803,FOLLOWED_BY
http://www.wikidata.org/entity/Q103569,http://www.wikidata.org/entity/Q104814,FOLLOWED_BY
http://www.wikidata.org/entity/Q168154,http://www.wikidata.org/entity/Q510657,FOLLOWED_BY
http://www.wikidata.org/entity/Q181803,http://www.wikidata.org/entity/Q6074,FOLLOWED_BY
http://www.wikidata.org/entity/Q109767,http://www.wikidata.org/entity/Q832515,FOLLOWED_BY
http://www.wikidata.org/entity/Q184768,http://www.wikidata.org/entity/Q202326,FOLLOWED_BY
http://www.wikidata.org/entity/Q1783701,http://www.wikidata.org/entity/Q1969617,FOLLOWED_BY
http://www.wikidata.org/entity/Q162255,http://www.wikidata.org/entity/Q170564,FOLLOWED_BY
http://www.wikidata.org/entity/Q130142,http://www.wikidata.org/entity/Q237215,FOLLOWED_BY
http://www.wikidata.org/entity/Q91540,http://www.wikidata.org/entity/Q109331,FOLLOWED_BY
http://www.wikidata.org/entity/Q156539,http://www.wikidata.org/entity/Q771408,FOLLOWED_BY
http://www.wikidata.org/entity/Q943192,http://www.wikidata.org/entity/Q30937,FOLLOWED_BY
http://www.wikidata.org/entity/Q943192,http://www.wikidata.org/entity/Q40895,FOLLOWED_BY
http://www.wikidata.org/entity/Q185658,http://www.wikidata.org/entity/Q182373,FOLLOWED_BY
http://www.wikidata.org/entity/Q1127828,http://www.wikidata.org/entity/Q541727,FOLLOWED_BY
http://www.wikidata.org/entity/Q108543,http://www.wikidata.org/entity/Q458314,FOLLOWED_BY
http://www.wikidata.org/entity/Q162672,http://www.wikidata.org/entity/Q532461,FOLLOWED_BY
http://www.wikidata.org/entity/Q329434,http://www.wikidata.org/entity/Q1145824,FOLLOWED_BY
http://www.wikidata.org/entity/Q1033108,http://www.wikidata.org/entity/Q1033094,FOLLOWED_BY
http://www.wikidata.org/entity/Q836298,http://www.wikidata.org/entity/Q1158528,FOLLOWED_BY
http://www.wikidata.org/entity/Q221236,http://www.wikidata.org/entity/Q673198,FOLLOWED_BY
http://www.wikidata.org/entity/Q105993,http://www.wikidata.org/entity/Q106871,FOLLOWED_BY
http://www.wikidata.org/entity/Q241218,http://www.wikidata.org/entity/Q579757,FOLLOWED_BY
http://www.wikidata.org/entity/Q8594,http://www.wikidata.org/entity/Q165847,FOLLOWED_BY
http://www.wikidata.org/entity/Q579757,http://www.wikidata.org/entity/Q723679,FOLLOWED_BY
http://www.wikidata.org/entity/Q221305,http://www.wikidata.org/entity/Q471842,FOLLOWED_BY
http://www.wikidata.org/entity/Q189054,http://www.wikidata.org/entity/Q221345,FOLLOWED_BY
http://www.wikidata.org/entity/Q189054,http://www.wikidata.org/entity/Q810858,FOLLOWED_BY
http://www.wikidata.org/entity/Q107940,http://www.wikidata.org/entity/Q465478,FOLLOWED_BY
http://www.wikidata.org/entity/Q465478,http://www.wikidata.org/entity/Q221305,FOLLOWED_BY
http://www.wikidata.org/entity/Q471842,http://www.wikidata.org/entity/Q241218,FOLLOWED_BY
http://www.wikidata.org/entity/Q267721,http://www.wikidata.org/entity/Q1138932,FOLLOWED_BY
http://www.wikidata.org/entity/Q1353728,http://www.wikidata.org/entity/Q883213,FOLLOWED_BY
http://www.wikidata.org/entity/Q189505,http://www.wikidata.org/entity/Q1199834,FOLLOWED_BY
http://www.wikidata.org/entity/Q1199834,http://www.wikidata.org/entity/Q1199837,FOLLOWED_BY
http://www.wikidata.org/entity/Q1199837,http://www.wikidata.org/entity/Q1199839,FOLLOWED_BY
http://www.wikidata.org/entity/Q27411,http://www.wikidata.org/entity/Q270599,FOLLOWED_BY
http://www.wikidata.org/entity/Q2699996,http://www.wikidata.org/entity/Q830324,FOLLOWED_BY
http://www.wikidata.org/entity/Q501703,http://www.wikidata.org/entity/Q487978,FOLLOWED_BY
http://www.wikidata.org/entity/Q200873,http://www.wikidata.org/entity/Q1102220,FOLLOWED_BY
http://www.wikidata.org/entity/Q271189,http://www.wikidata.org/entity/Q537407,FOLLOWED_BY
http://www.wikidata.org/entity/Q51416,http://www.wikidata.org/entity/Q156597,FOLLOWED_BY
http://www.wikidata.org/entity/Q309003,http://www.wikidata.org/entity/Q740516,FOLLOWED_BY
http://www.wikidata.org/entity/Q406916,http://www.wikidata.org/entity/Q732071,FOLLOWED_BY
http://www.wikidata.org/entity/Q507994,http://www.wikidata.org/entity/Q855222,FOLLOWED_BY
http://www.wikidata.org/entity/Q40115,http://www.wikidata.org/entity/Q40187,FOLLOWED_BY
http://www.wikidata.org/entity/Q302174,http://www.wikidata.org/entity/Q832363,FOLLOWED_BY
http://www.wikidata.org/entity/Q752103,http://www.wikidata.org/entity/Q330332,FOLLOWED_BY
http://www.wikidata.org/entity/Q458314,http://www.wikidata.org/entity/Q192686,FOLLOWED_BY
http://www.wikidata.org/entity/Q270599,http://www.wikidata.org/entity/Q391784,FOLLOWED_BY
http://www.wikidata.org/entity/Q207916,http://www.wikidata.org/entity/Q212145,FOLLOWED_BY
http://www.wikidata.org/entity/Q337078,http://www.wikidata.org/entity/Q501874,FOLLOWED_BY
http://www.wikidata.org/entity/Q537407,http://www.wikidata.org/entity/Q208696,FOLLOWED_BY
http://www.wikidata.org/entity/Q1129381,http://www.wikidata.org/entity/Q421875,FOLLOWED_BY
http://www.wikidata.org/entity/Q663014,http://www.wikidata.org/entity/Q1253887,FOLLOWED_BY
http://www.wikidata.org/entity/Q188652,http://www.wikidata.org/entity/Q478366,FOLLOWED_BY
http://www.wikidata.org/entity/Q211373,http://www.wikidata.org/entity/Q20456,FOLLOWED_BY
http://www.wikidata.org/entity/Q208266,http://www.wikidata.org/entity/Q190643,FOLLOWED_BY
http://www.wikidata.org/entity/Q1243029,http://www.wikidata.org/entity/Q1243009,FOLLOWED_BY
http://www.wikidata.org/entity/Q1243013,http://www.wikidata.org/entity/Q1243019,FOLLOWED_BY
http://www.wikidata.org/entity/Q373362,http://www.wikidata.org/entity/Q1364051,FOLLOWED_BY
http://www.wikidata.org/entity/Q1145824,http://www.wikidata.org/entity/Q373362,FOLLOWED_BY
http://www.wikidata.org/entity/Q1243009,http://www.wikidata.org/entity/Q1243013,FOLLOWED_BY
http://www.wikidata.org/entity/Q1410735,http://www.wikidata.org/entity/Q748614,FOLLOWED_BY
http://www.wikidata.org/entity/Q1364051,http://www.wikidata.org/entity/Q1410735,FOLLOWED_BY
http://www.wikidata.org/entity/Q748614,http://www.wikidata.org/entity/Q636166,FOLLOWED_BY
http://www.wikidata.org/entity/Q850312,http://www.wikidata.org/entity/Q203705,FOLLOWED_BY
http://www.wikidata.org/entity/Q221103,http://www.wikidata.org/entity/Q850312,FOLLOWED_BY
http://www.wikidata.org/entity/Q935945,http://www.wikidata.org/entity/Q1089281,FOLLOWED_BY
http://www.wikidata.org/entity/Q1089283,http://www.wikidata.org/entity/Q1089303,FOLLOWED_BY
http://www.wikidata.org/entity/Q1089281,http://www.wikidata.org/entity/Q1089283,FOLLOWED_BY
http://www.wikidata.org/entity/Q274167,http://www.wikidata.org/entity/Q1166194,FOLLOWED_BY
http://www.wikidata.org/entity/Q1166194,http://www.wikidata.org/entity/Q1150596,FOLLOWED_BY
http://www.wikidata.org/entity/Q462447,http://www.wikidata.org/entity/Q751767,FOLLOWED_BY
http://www.wikidata.org/entity/Q751767,http://www.wikidata.org/entity/Q751769,FOLLOWED_BY
http://www.wikidata.org/entity/Q241958,http://www.wikidata.org/entity/Q505712,FOLLOWED_BY
http://www.wikidata.org/entity/Q751769,http://www.wikidata.org/entity/Q429397,FOLLOWED_BY
http://www.wikidata.org/entity/Q309621,http://www.wikidata.org/entity/Q947737,FOLLOWED_BY
http://www.wikidata.org/entity/Q109331,http://www.wikidata.org/entity/Q230552,FOLLOWED_BY
http://www.wikidata.org/entity/Q329316,http://www.wikidata.org/entity/Q334132,FOLLOWED_BY
http://www.wikidata.org/entity/Q334132,http://www.wikidata.org/entity/Q216929,FOLLOWED_BY
http://www.wikidata.org/entity/Q732518,http://www.wikidata.org/entity/Q641492,FOLLOWED_BY
http://www.wikidata.org/entity/Q1199687,http://www.wikidata.org/entity/Q732518,FOLLOWED_BY
http://www.wikidata.org/entity/Q1426248,http://www.wikidata.org/entity/Q1517554,FOLLOWED_BY
http://www.wikidata.org/entity/Q172284,http://www.wikidata.org/entity/Q215617,FOLLOWED_BY
http://www.wikidata.org/entity/Q199839,http://www.wikidata.org/entity/Q184701,FOLLOWED_BY
http://www.wikidata.org/entity/Q1536259,http://www.wikidata.org/entity/Q598549,FOLLOWED_BY
http://www.wikidata.org/entity/Q190135,http://www.wikidata.org/entity/Q202371,FOLLOWED_BY
http://www.wikidata.org/entity/Q165512,http://www.wikidata.org/entity/Q204662,FOLLOWED_BY
http://www.wikidata.org/entity/Q817261,http://www.wikidata.org/entity/Q817003,FOLLOWED_BY
http://www.wikidata.org/entity/Q39722,http://www.wikidata.org/entity/Q40302,FOLLOWED_BY
http://www.wikidata.org/entity/Q39722,http://www.wikidata.org/entity/Q202371,FOLLOWED_BY
http://www.wikidata.org/entity/Q202371,http://www.wikidata.org/entity/Q179673,FOLLOWED_BY
http://www.wikidata.org/entity/Q270470,http://www.wikidata.org/entity/Q172284,FOLLOWED_BY
http://www.wikidata.org/entity/Q215617,http://www.wikidata.org/entity/Q165512,FOLLOWED_BY
http://www.wikidata.org/entity/Q626483,http://www.wikidata.org/entity/Q18954,FOLLOWED_BY
http://www.wikidata.org/entity/Q1050815,http://www.wikidata.org/entity/Q176488,FOLLOWED_BY
http://www.wikidata.org/entity/Q179215,http://www.wikidata.org/entity/Q185658,FOLLOWED_BY
http://www.wikidata.org/entity/Q1067080,http://www.wikidata.org/entity/Q2413112,FOLLOWED_BY
http://www.wikidata.org/entity/Q1210947,http://www.wikidata.org/entity/Q204725,FOLLOWED_BY
http://www.wikidata.org/entity/Q1134678,http://www.wikidata.org/entity/Q1402152,FOLLOWED_BY
http://www.wikidata.org/entity/Q734604,http://www.wikidata.org/entity/Q2517390,FOLLOWED_BY
http://www.wikidata.org/entity/Q647665,http://www.wikidata.org/entity/Q1213253,FOLLOWED_BY
http://www.wikidata.org/entity/Q316555,http://www.wikidata.org/entity/Q704732,FOLLOWED_BY
http://www.wikidata.org/entity/Q704732,http://www.wikidata.org/entity/Q699299,FOLLOWED_BY
http://www.wikidata.org/entity/Q3429263,http://www.wikidata.org/entity/Q159638,FOLLOWED_BY
http://www.wikidata.org/entity/Q255342,http://www.wikidata.org/entity/Q830208,FOLLOWED_BY
http://www.wikidata.org/entity/Q747940,http://www.wikidata.org/entity/Q1272441,FOLLOWED_BY
http://www.wikidata.org/entity/Q210756,http://www.wikidata.org/entity/Q909749,FOLLOWED_BY
http://www.wikidata.org/entity/Q610502,http://www.wikidata.org/entity/Q245227,FOLLOWED_BY
http://www.wikidata.org/entity/Q272860,http://www.wikidata.org/entity/Q1471230,FOLLOWED_BY
http://www.wikidata.org/entity/Q1089303,http://www.wikidata.org/entity/Q925421,FOLLOWED_BY
http://www.wikidata.org/entity/Q857211,http://www.wikidata.org/entity/Q663990,FOLLOWED_BY
http://www.wikidata.org/entity/Q216153,http://www.wikidata.org/entity/Q187266,FOLLOWED_BY
http://www.wikidata.org/entity/Q332368,http://www.wikidata.org/entity/Q272064,FOLLOWED_BY
http://www.wikidata.org/entity/Q1248429,http://www.wikidata.org/entity/Q589896,FOLLOWED_BY
http://www.wikidata.org/entity/Q1475765,http://www.wikidata.org/entity/Q1475462,FOLLOWED_BY
http://www.wikidata.org/entity/Q1475469,http://www.wikidata.org/entity/Q924756,FOLLOWED_BY
http://www.wikidata.org/entity/Q589896,http://www.wikidata.org/entity/Q610435,FOLLOWED_BY
http://www.wikidata.org/entity/Q610435,http://www.wikidata.org/entity/Q1475765,FOLLOWED_BY
http://www.wikidata.org/entity/Q245227,http://www.wikidata.org/entity/Q866358,FOLLOWED_BY
http://www.wikidata.org/entity/Q673198,http://www.wikidata.org/entity/Q388319,FOLLOWED_BY
http://www.wikidata.org/entity/Q502629,http://www.wikidata.org/entity/Q759420,FOLLOWED_BY
http://www.wikidata.org/entity/Q241504,http://www.wikidata.org/entity/Q387638,FOLLOWED_BY
http://www.wikidata.org/entity/Q244963,http://www.wikidata.org/entity/Q319783,FOLLOWED_BY
http://www.wikidata.org/entity/Q319783,http://www.wikidata.org/entity/Q392355,FOLLOWED_BY
http://www.wikidata.org/entity/Q392355,http://www.wikidata.org/entity/Q159870,FOLLOWED_BY
http://www.wikidata.org/entity/Q387638,http://www.wikidata.org/entity/Q82949,FOLLOWED_BY
http://www.wikidata.org/entity/Q1105463,http://www.wikidata.org/entity/Q1105466,FOLLOWED_BY
http://www.wikidata.org/entity/Q478366,http://www.wikidata.org/entity/Q241504,FOLLOWED_BY
http://www.wikidata.org/entity/Q1421476,http://www.wikidata.org/entity/Q930887,FOLLOWED_BY
http://www.wikidata.org/entity/Q1418251,http://www.wikidata.org/entity/Q1586077,FOLLOWED_BY
http://www.wikidata.org/entity/Q1586077,http://www.wikidata.org/entity/Q289127,FOLLOWED_BY
http://www.wikidata.org/entity/Q846679,http://www.wikidata.org/entity/Q1418251,FOLLOWED_BY
http://www.wikidata.org/entity/Q468700,http://www.wikidata.org/entity/Q468703,FOLLOWED_BY
http://www.wikidata.org/entity/Q1475462,http://www.wikidata.org/entity/Q1475469,FOLLOWED_BY
http://www.wikidata.org/entity/Q886597,http://www.wikidata.org/entity/Q334185,FOLLOWED_BY
http://www.wikidata.org/entity/Q1140745,http://www.wikidata.org/entity/Q1140744,FOLLOWED_BY
http://www.wikidata.org/entity/Q615254,http://www.wikidata.org/entity/Q1140745,FOLLOWED_BY
http://www.wikidata.org/entity/Q82949,http://www.wikidata.org/entity/Q724455,FOLLOWED_BY
http://www.wikidata.org/entity/Q908213,http://www.wikidata.org/entity/Q1079636,FOLLOWED_BY
http://www.wikidata.org/entity/Q469620,http://www.wikidata.org/entity/Q469639,FOLLOWED_BY
http://www.wikidata.org/entity/Q469639,http://www.wikidata.org/entity/Q469646,FOLLOWED_BY
http://www.wikidata.org/entity/Q59534,http://www.wikidata.org/entity/Q469620,FOLLOWED_BY
http://www.wikidata.org/entity/Q469646,http://www.wikidata.org/entity/Q469654,FOLLOWED_BY
http://www.wikidata.org/entity/Q1141746,http://www.wikidata.org/entity/Q1352085,FOLLOWED_BY
http://www.wikidata.org/entity/Q83495,http://www.wikidata.org/entity/Q189600,FOLLOWED_BY
http://www.wikidata.org/entity/Q202508,http://www.wikidata.org/entity/Q320461,FOLLOWED_BY
http://www.wikidata.org/entity/Q165713,http://www.wikidata.org/entity/Q181069,FOLLOWED_BY
http://www.wikidata.org/entity/Q1123006,http://www.wikidata.org/entity/Q328695,FOLLOWED_BY
http://www.wikidata.org/entity/Q267672,http://www.wikidata.org/entity/Q528095,FOLLOWED_BY
http://www.wikidata.org/entity/Q487978,http://www.wikidata.org/entity/Q498910,FOLLOWED_BY
http://www.wikidata.org/entity/Q213053,http://www.wikidata.org/entity/Q267672,FOLLOWED_BY
http://www.wikidata.org/entity/Q208696,http://www.wikidata.org/entity/Q30937,FOLLOWED_BY
http://www.wikidata.org/entity/Q220713,http://www.wikidata.org/entity/Q329127,FOLLOWED_BY
http://www.wikidata.org/entity/Q108745,http://www.wikidata.org/entity/Q492214,FOLLOWED_BY
http://www.wikidata.org/entity/Q644554,http://www.wikidata.org/entity/Q300842,FOLLOWED_BY
http://www.wikidata.org/entity/Q528095,http://www.wikidata.org/entity/Q1123006,FOLLOWED_BY
http://www.wikidata.org/entity/Q16403,http://www.wikidata.org/entity/Q25043,FOLLOWED_BY
http://www.wikidata.org/entity/Q497256,http://www.wikidata.org/entity/Q502303,FOLLOWED_BY
http://www.wikidata.org/entity/Q1219310,http://www.wikidata.org/entity/Q1538224,FOLLOWED_BY
http://www.wikidata.org/entity/Q1538224,http://www.wikidata.org/entity/Q1421476,FOLLOWED_BY
http://www.wikidata.org/entity/Q2075493,http://www.wikidata.org/entity/Q1305117,FOLLOWED_BY
http://www.wikidata.org/entity/Q640547,http://www.wikidata.org/entity/Q225958,FOLLOWED_BY
http://www.wikidata.org/entity/Q1199513,http://www.wikidata.org/entity/Q1549966,FOLLOWED_BY
http://www.wikidata.org/entity/Q612740,http://www.wikidata.org/entity/Q536139,FOLLOWED_BY
http://www.wikidata.org/entity/Q102754,http://www.wikidata.org/entity/Q106571,FOLLOWED_BY
http://www.wikidata.org/entity/Q106440,http://www.wikidata.org/entity/Q107724,FOLLOWED_BY
http://www.wikidata.org/entity/Q106571,http://www.wikidata.org/entity/Q106440,FOLLOWED_BY
http://www.wikidata.org/entity/Q83767,http://www.wikidata.org/entity/Q1114179,FOLLOWED_BY
http://www.wikidata.org/entity/Q76479,http://www.wikidata.org/entity/Q153677,FOLLOWED_BY
http://www.wikidata.org/entity/Q221202,http://www.wikidata.org/entity/Q382320,FOLLOWED_BY
http://www.wikidata.org/entity/Q834021,http://www.wikidata.org/entity/Q841233,FOLLOWED_BY
http://www.wikidata.org/entity/Q372514,http://www.wikidata.org/entity/Q834021,FOLLOWED_BY
http://www.wikidata.org/entity/Q332330,http://www.wikidata.org/entity/Q204398,FOLLOWED_BY
http://www.wikidata.org/entity/Q27204,http://www.wikidata.org/entity/Q309289,FOLLOWED_BY
http://www.wikidata.org/entity/Q309086,http://www.wikidata.org/entity/Q19089,FOLLOWED_BY
http://www.wikidata.org/entity/Q649165,http://www.wikidata.org/entity/Q352431,FOLLOWED_BY
http://www.wikidata.org/entity/Q107724,http://www.wikidata.org/entity/Q591272,FOLLOWED_BY
http://www.wikidata.org/entity/Q107724,http://www.wikidata.org/entity/Q107761,FOLLOWED_BY
http://www.wikidata.org/entity/Q2100881,http://www.wikidata.org/entity/Q2341665,FOLLOWED_BY
http://www.wikidata.org/entity/Q212145,http://www.wikidata.org/entity/Q30931,FOLLOWED_BY
http://www.wikidata.org/entity/Q187266,http://www.wikidata.org/entity/Q187726,FOLLOWED_BY
http://www.wikidata.org/entity/Q187266,http://www.wikidata.org/entity/Q187278,FOLLOWED_BY
http://www.wikidata.org/entity/Q655205,http://www.wikidata.org/entity/Q1201654,FOLLOWED_BY
http://www.wikidata.org/entity/Q30937,http://www.wikidata.org/entity/Q476329,FOLLOWED_BY
http://www.wikidata.org/entity/Q1048958,http://www.wikidata.org/entity/Q1070554,FOLLOWED_BY
http://www.wikidata.org/entity/Q1146194,http://www.wikidata.org/entity/Q1427730,FOLLOWED_BY
http://www.wikidata.org/entity/Q776302,http://www.wikidata.org/entity/Q1140762,FOLLOWED_BY
http://www.wikidata.org/entity/Q855222,http://www.wikidata.org/entity/Q1392442,FOLLOWED_BY
http://www.wikidata.org/entity/Q840297,http://www.wikidata.org/entity/Q465009,FOLLOWED_BY
http://www.wikidata.org/entity/Q391784,http://www.wikidata.org/entity/Q323392,FOLLOWED_BY
http://www.wikidata.org/entity/Q429934,http://www.wikidata.org/entity/Q471976,FOLLOWED_BY
http://www.wikidata.org/entity/Q854589,http://www.wikidata.org/entity/Q584690,FOLLOWED_BY
http://www.wikidata.org/entity/Q7561043,http://www.wikidata.org/entity/Q820009,FOLLOWED_BY
http://www.wikidata.org/entity/Q841961,http://www.wikidata.org/entity/Q848285,FOLLOWED_BY
http://www.wikidata.org/entity/Q1326619,http://www.wikidata.org/entity/Q1463466,FOLLOWED_BY
http://www.wikidata.org/entity/Q1130084,http://www.wikidata.org/entity/Q470916,FOLLOWED_BY
http://www.wikidata.org/entity/Q866358,http://www.wikidata.org/entity/Q156401,FOLLOWED_BY
http://www.wikidata.org/entity/Q646389,http://www.wikidata.org/entity/Q741823,FOLLOWED_BY
http://www.wikidata.org/entity/Q1077690,http://www.wikidata.org/entity/Q904187,FOLLOWED_BY
http://www.wikidata.org/entity/Q58439,http://www.wikidata.org/entity/Q1326619,FOLLOWED_BY
http://www.wikidata.org/entity/Q627438,http://www.wikidata.org/entity/Q708332,FOLLOWED_BY
http://www.wikidata.org/entity/Q200804,http://www.wikidata.org/entity/Q720357,FOLLOWED_BY
http://www.wikidata.org/entity/Q2293972,http://www.wikidata.org/entity/Q2364439,FOLLOWED_BY
http://www.wikidata.org/entity/Q476329,http://www.wikidata.org/entity/Q223163,FOLLOWED_BY
http://www.wikidata.org/entity/Q849475,http://www.wikidata.org/entity/Q595595,FOLLOWED_BY
http://www.wikidata.org/entity/Q505790,http://www.wikidata.org/entity/Q288173,FOLLOWED_BY
http://www.wikidata.org/entity/Q107894,http://www.wikidata.org/entity/Q107914,FOLLOWED_BY
http://www.wikidata.org/entity/Q320423,http://www.wikidata.org/entity/Q334780,FOLLOWED_BY
http://www.wikidata.org/entity/Q309289,http://www.wikidata.org/entity/Q320423,FOLLOWED_BY
http://www.wikidata.org/entity/Q334780,http://www.wikidata.org/entity/Q332330,FOLLOWED_BY
http://www.wikidata.org/entity/Q756882,http://www.wikidata.org/entity/Q572736,FOLLOWED_BY
http://www.wikidata.org/entity/Q1754564,http://www.wikidata.org/entity/Q2605543,FOLLOWED_BY
http://www.wikidata.org/entity/Q1284961,http://www.wikidata.org/entity/Q1754564,FOLLOWED_BY
http://www.wikidata.org/entity/Q1284961,http://www.wikidata.org/entity/Q2605543,FOLLOWED_BY
http://www.wikidata.org/entity/Q153677,http://www.wikidata.org/entity/Q41483,FOLLOWED_BY
http://www.wikidata.org/entity/Q720357,http://www.wikidata.org/entity/Q380667,FOLLOWED_BY
http://www.wikidata.org/entity/Q426663,http://www.wikidata.org/entity/Q1757288,FOLLOWED_BY
http://www.wikidata.org/entity/Q1125262,http://www.wikidata.org/entity/Q426663,FOLLOWED_BY
http://www.wikidata.org/entity/Q248775,http://www.wikidata.org/entity/Q1125262,FOLLOWED_BY
http://www.wikidata.org/entity/Q156401,http://www.wikidata.org/entity/Q483815,FOLLOWED_BY
http://www.wikidata.org/entity/Q402181,http://www.wikidata.org/entity/Q573780,FOLLOWED_BY
http://www.wikidata.org/entity/Q219424,http://www.wikidata.org/entity/Q642501,FOLLOWED_BY
http://www.wikidata.org/entity/Q106182,http://www.wikidata.org/entity/Q219776,FOLLOWED_BY
http://www.wikidata.org/entity/Q1098140,http://www.wikidata.org/entity/Q922402,FOLLOWED_BY
http://www.wikidata.org/entity/Q832047,http://www.wikidata.org/entity/Q502979,FOLLOWED_BY
http://www.wikidata.org/entity/Q502979,http://www.wikidata.org/entity/Q385309,FOLLOWED_BY
http://www.wikidata.org/entity/Q1162728,http://www.wikidata.org/entity/Q1755324,FOLLOWED_BY
http://www.wikidata.org/entity/Q623724,http://www.wikidata.org/entity/Q740489,FOLLOWED_BY
http://www.wikidata.org/entity/Q863963,http://www.wikidata.org/entity/Q191753,FOLLOWED_BY
http://www.wikidata.org/entity/Q229599,http://www.wikidata.org/entity/Q229603,FOLLOWED_BY
http://www.wikidata.org/entity/Q107914,http://www.wikidata.org/entity/Q27204,FOLLOWED_BY
http://www.wikidata.org/entity/Q650613,http://www.wikidata.org/entity/Q21869840,FOLLOWED_BY
http://www.wikidata.org/entity/Q272064,http://www.wikidata.org/entity/Q309086,FOLLOWED_BY
http://www.wikidata.org/entity/Q223163,http://www.wikidata.org/entity/Q318975,FOLLOWED_BY
http://www.wikidata.org/entity/Q332348,http://www.wikidata.org/entity/Q326526,FOLLOWED_BY
http://www.wikidata.org/entity/Q532372,http://www.wikidata.org/entity/Q572221,FOLLOWED_BY
http://www.wikidata.org/entity/Q213411,http://www.wikidata.org/entity/Q156394,FOLLOWED_BY
http://www.wikidata.org/entity/Q722267,http://www.wikidata.org/entity/Q525860,FOLLOWED_BY
http://www.wikidata.org/entity/Q525860,http://www.wikidata.org/entity/Q654736,FOLLOWED_BY
http://www.wikidata.org/entity/Q722682,http://www.wikidata.org/entity/Q3114616,FOLLOWED_BY
http://www.wikidata.org/entity/Q1056853,http://www.wikidata.org/entity/Q164702,FOLLOWED_BY
http://www.wikidata.org/entity/Q886719,http://www.wikidata.org/entity/Q3114616,FOLLOWED_BY
http://www.wikidata.org/entity/Q937395,http://www.wikidata.org/entity/Q768237,FOLLOWED_BY
http://www.wikidata.org/entity/Q474098,http://www.wikidata.org/entity/Q214013,FOLLOWED_BY
http://www.wikidata.org/entity/Q550581,http://www.wikidata.org/entity/Q549908,FOLLOWED_BY
http://www.wikidata.org/entity/Q752313,http://www.wikidata.org/entity/Q843612,FOLLOWED_BY
http://www.wikidata.org/entity/Q320461,http://www.wikidata.org/entity/Q240713,FOLLOWED_BY
http://www.wikidata.org/entity/Q483815,http://www.wikidata.org/entity/Q485983,FOLLOWED_BY
http://www.wikidata.org/entity/Q1094020,http://www.wikidata.org/entity/Q1218462,FOLLOWED_BY
http://www.wikidata.org/entity/Q464014,http://www.wikidata.org/entity/Q1125253,FOLLOWED_BY
http://www.wikidata.org/entity/Q155476,http://www.wikidata.org/entity/Q222867,FOLLOWED_BY
http://www.wikidata.org/entity/Q318975,http://www.wikidata.org/entity/Q36092,FOLLOWED_BY
http://www.wikidata.org/entity/Q642501,http://www.wikidata.org/entity/Q635937,FOLLOWED_BY
http://www.wikidata.org/entity/Q500093,http://www.wikidata.org/entity/Q644969,FOLLOWED_BY
http://www.wikidata.org/entity/Q795042,http://www.wikidata.org/entity/Q795040,FOLLOWED_BY
http://www.wikidata.org/entity/Q1324330,http://www.wikidata.org/entity/Q1072661,FOLLOWED_BY
http://www.wikidata.org/entity/Q1102220,http://www.wikidata.org/entity/Q3512046,FOLLOWED_BY
http://www.wikidata.org/entity/Q469624,http://www.wikidata.org/entity/Q243983,FOLLOWED_BY
http://www.wikidata.org/entity/Q1046295,http://www.wikidata.org/entity/Q696096,FOLLOWED_BY
http://www.wikidata.org/entity/Q830208,http://www.wikidata.org/entity/Q498109,FOLLOWED_BY
http://www.wikidata.org/entity/Q329127,http://www.wikidata.org/entity/Q466423,FOLLOWED_BY
http://www.wikidata.org/entity/Q673902,http://www.wikidata.org/entity/Q1540379,FOLLOWED_BY
http://www.wikidata.org/entity/Q220192,http://www.wikidata.org/entity/Q19842552,FOLLOWED_BY
http://www.wikidata.org/entity/Q110206,http://www.wikidata.org/entity/Q458852,FOLLOWED_BY
http://www.wikidata.org/entity/Q187726,http://www.wikidata.org/entity/Q132863,FOLLOWED_BY
http://www.wikidata.org/entity/Q187726,http://www.wikidata.org/entity/Q641362,FOLLOWED_BY
http://www.wikidata.org/entity/Q102438,http://www.wikidata.org/entity/Q102244,FOLLOWED_BY
http://www.wikidata.org/entity/Q205447,http://www.wikidata.org/entity/Q504053,FOLLOWED_BY
http://www.wikidata.org/entity/Q127367,http://www.wikidata.org/entity/Q164963,FOLLOWED_BY
http://www.wikidata.org/entity/Q844887,http://www.wikidata.org/entity/Q645263,FOLLOWED_BY
http://www.wikidata.org/entity/Q305250,http://www.wikidata.org/entity/Q190910,FOLLOWED_BY
http://www.wikidata.org/entity/Q153484,http://www.wikidata.org/entity/Q161400,FOLLOWED_BY
http://www.wikidata.org/entity/Q159638,http://www.wikidata.org/entity/Q217008,FOLLOWED_BY
http://www.wikidata.org/entity/Q1540124,http://www.wikidata.org/entity/Q477523,FOLLOWED_BY
http://www.wikidata.org/entity/Q1427521,http://www.wikidata.org/entity/Q965859,FOLLOWED_BY
http://www.wikidata.org/entity/Q484442,http://www.wikidata.org/entity/Q190145,FOLLOWED_BY
http://www.wikidata.org/entity/Q181069,http://www.wikidata.org/entity/Q42051,FOLLOWED_BY
http://www.wikidata.org/entity/Q179100,http://www.wikidata.org/entity/Q30931,FOLLOWED_BY
http://www.wikidata.org/entity/Q105624,http://www.wikidata.org/entity/Q156608,FOLLOWED_BY
http://www.wikidata.org/entity/Q936302,http://www.wikidata.org/entity/Q581666,FOLLOWED_BY
http://www.wikidata.org/entity/Q36092,http://www.wikidata.org/entity/Q392530,FOLLOWED_BY
http://www.wikidata.org/entity/Q156597,http://www.wikidata.org/entity/Q327713,FOLLOWED_BY
http://www.wikidata.org/entity/Q176488,http://www.wikidata.org/entity/Q909063,FOLLOWED_BY
http://www.wikidata.org/entity/Q549908,http://www.wikidata.org/entity/Q550196,FOLLOWED_BY
http://www.wikidata.org/entity/Q283799,http://www.wikidata.org/entity/Q283696,FOLLOWED_BY
http://www.wikidata.org/entity/Q832105,http://www.wikidata.org/entity/Q843198,FOLLOWED_BY
http://www.wikidata.org/entity/Q1049545,http://www.wikidata.org/entity/Q192979,FOLLOWED_BY
http://www.wikidata.org/entity/Q1047663,http://www.wikidata.org/entity/Q1210907,FOLLOWED_BY
http://www.wikidata.org/entity/Q819972,http://www.wikidata.org/entity/Q841114,FOLLOWED_BY
http://www.wikidata.org/entity/Q9125658,http://www.wikidata.org/entity/Q3114616,FOLLOWED_BY
http://www.wikidata.org/entity/Q212804,http://www.wikidata.org/entity/Q468253,FOLLOWED_BY
http://www.wikidata.org/entity/Q591272,http://www.wikidata.org/entity/Q107761,FOLLOWED_BY
http://www.wikidata.org/entity/Q102244,http://www.wikidata.org/entity/Q102448,FOLLOWED_BY
http://www.wikidata.org/entity/Q509256,http://www.wikidata.org/entity/Q1138620,FOLLOWED_BY
http://www.wikidata.org/entity/Q30931,http://www.wikidata.org/entity/Q151904,FOLLOWED_BY
http://www.wikidata.org/entity/Q388319,http://www.wikidata.org/entity/Q213081,FOLLOWED_BY
http://www.wikidata.org/entity/Q164963,http://www.wikidata.org/entity/Q131074,FOLLOWED_BY
http://www.wikidata.org/entity/Q820009,http://www.wikidata.org/entity/Q820811,FOLLOWED_BY
http://www.wikidata.org/entity/Q751805,http://www.wikidata.org/entity/Q610159,FOLLOWED_BY
http://www.wikidata.org/entity/Q691788,http://www.wikidata.org/entity/Q1534510,FOLLOWED_BY
http://www.wikidata.org/entity/Q219776,http://www.wikidata.org/entity/Q221168,FOLLOWED_BY
http://www.wikidata.org/entity/Q189600,http://www.wikidata.org/entity/Q207536,FOLLOWED_BY
http://www.wikidata.org/entity/Q222867,http://www.wikidata.org/entity/Q213208,FOLLOWED_BY
http://www.wikidata.org/entity/Q207816,http://www.wikidata.org/entity/Q195949,FOLLOWED_BY
http://www.wikidata.org/entity/Q132863,http://www.wikidata.org/entity/Q9321426,FOLLOWED_BY
http://www.wikidata.org/entity/Q132863,http://www.wikidata.org/entity/Q213326,FOLLOWED_BY
http://www.wikidata.org/entity/Q1265087,http://www.wikidata.org/entity/Q14932750,FOLLOWED_BY
http://www.wikidata.org/entity/Q221075,http://www.wikidata.org/entity/Q221102,FOLLOWED_BY
http://www.wikidata.org/entity/Q1043425,http://www.wikidata.org/entity/Q485983,FOLLOWED_BY
http://www.wikidata.org/entity/Q29054009,http://www.wikidata.org/entity/Q191543,FOLLOWED_BY
http://www.wikidata.org/entity/Q337881,http://www.wikidata.org/entity/Q967478,FOLLOWED_BY
http://www.wikidata.org/entity/Q46717,http://www.wikidata.org/entity/Q161087,FOLLOWED_BY
http://www.wikidata.org/entity/Q466423,http://www.wikidata.org/entity/Q261044,FOLLOWED_BY
http://www.wikidata.org/entity/Q835650,http://www.wikidata.org/entity/Q1433571,FOLLOWED_BY
http://www.wikidata.org/entity/Q164804,http://www.wikidata.org/entity/Q646025,FOLLOWED_BY
http://www.wikidata.org/entity/Q754892,http://www.wikidata.org/entity/Q1306317,FOLLOWED_BY
http://www.wikidata.org/entity/Q165325,http://www.wikidata.org/entity/Q928019,FOLLOWED_BY
http://www.wikidata.org/entity/Q635937,http://www.wikidata.org/entity/Q1055299,FOLLOWED_BY
http://www.wikidata.org/entity/Q207536,http://www.wikidata.org/entity/Q335340,FOLLOWED_BY
http://www.wikidata.org/entity/Q2566505,http://www.wikidata.org/entity/Q1304560,FOLLOWED_BY
http://www.wikidata.org/entity/Q214013,http://www.wikidata.org/entity/Q191074,FOLLOWED_BY
http://www.wikidata.org/entity/Q771408,http://www.wikidata.org/entity/Q994209,FOLLOWED_BY
http://www.wikidata.org/entity/Q822930,http://www.wikidata.org/entity/Q911128,FOLLOWED_BY
http://www.wikidata.org/entity/Q461540,http://www.wikidata.org/entity/Q651196,FOLLOWED_BY
http://www.wikidata.org/entity/Q327681,http://www.wikidata.org/entity/Q1141731,FOLLOWED_BY
http://www.wikidata.org/entity/Q219155,http://www.wikidata.org/entity/Q219170,FOLLOWED_BY
http://www.wikidata.org/entity/Q909802,http://www.wikidata.org/entity/Q1065829,FOLLOWED_BY
http://www.wikidata.org/entity/Q204398,http://www.wikidata.org/entity/Q180279,FOLLOWED_BY
http://www.wikidata.org/entity/Q204398,http://www.wikidata.org/entity/Q332368,FOLLOWED_BY
http://www.wikidata.org/entity/Q107761,http://www.wikidata.org/entity/Q107894,FOLLOWED_BY
http://www.wikidata.org/entity/Q180279,http://www.wikidata.org/entity/Q332368,FOLLOWED_BY
http://www.wikidata.org/entity/Q1072661,http://www.wikidata.org/entity/Q1577763,FOLLOWED_BY
http://www.wikidata.org/entity/Q1433571,http://www.wikidata.org/entity/Q1507513,FOLLOWED_BY
http://www.wikidata.org/entity/Q510657,http://www.wikidata.org/entity/Q206388,FOLLOWED_BY
http://www.wikidata.org/entity/Q485983,http://www.wikidata.org/entity/Q486588,FOLLOWED_BY
http://www.wikidata.org/entity/Q485983,http://www.wikidata.org/entity/Q120367,FOLLOWED_BY
http://www.wikidata.org/entity/Q471976,http://www.wikidata.org/entity/Q1960913,FOLLOWED_BY
http://www.wikidata.org/entity/Q102448,http://www.wikidata.org/entity/Q102225,FOLLOWED_BY
http://www.wikidata.org/entity/Q726215,http://www.wikidata.org/entity/Q756572,FOLLOWED_BY
http://www.wikidata.org/entity/Q652186,http://www.wikidata.org/entity/Q2909183,FOLLOWED_BY
http://www.wikidata.org/entity/Q190145,http://www.wikidata.org/entity/Q182212,FOLLOWED_BY
http://www.wikidata.org/entity/Q156608,http://www.wikidata.org/entity/Q107226,FOLLOWED_BY
http://www.wikidata.org/entity/Q467076,http://www.wikidata.org/entity/Q4752758,FOLLOWED_BY
http://www.wikidata.org/entity/Q465227,http://www.wikidata.org/entity/Q110203,FOLLOWED_BY
http://www.wikidata.org/entity/Q607643,http://www.wikidata.org/entity/Q1165259,FOLLOWED_BY
http://www.wikidata.org/entity/Q155163,http://www.wikidata.org/entity/Q650076,FOLLOWED_BY
http://www.wikidata.org/entity/Q858724,http://www.wikidata.org/entity/Q729788,FOLLOWED_BY
http://www.wikidata.org/entity/Q161400,http://www.wikidata.org/entity/Q156069,FOLLOWED_BY
http://www.wikidata.org/entity/Q120367,http://www.wikidata.org/entity/Q174555,FOLLOWED_BY
http://www.wikidata.org/entity/Q309366,http://www.wikidata.org/entity/Q388360,FOLLOWED_BY
http://www.wikidata.org/entity/Q504053,http://www.wikidata.org/entity/Q635632,FOLLOWED_BY
http://www.wikidata.org/entity/Q213326,http://www.wikidata.org/entity/Q24832112,FOLLOWED_BY
http://www.wikidata.org/entity/Q213326,http://www.wikidata.org/entity/Q182153,FOLLOWED_BY
http://www.wikidata.org/entity/Q486239,http://www.wikidata.org/entity/Q270410,FOLLOWED_BY
http://www.wikidata.org/entity/Q810857,http://www.wikidata.org/entity/Q116852,FOLLOWED_BY
http://www.wikidata.org/entity/Q483849,http://www.wikidata.org/entity/Q475693,FOLLOWED_BY
http://www.wikidata.org/entity/Q51543,http://www.wikidata.org/entity/Q29011,FOLLOWED_BY
http://www.wikidata.org/entity/Q475693,http://www.wikidata.org/entity/Q495134,FOLLOWED_BY
http://www.wikidata.org/entity/Q740489,http://www.wikidata.org/entity/Q921985,FOLLOWED_BY
http://www.wikidata.org/entity/Q303235,http://www.wikidata.org/entity/Q470584,FOLLOWED_BY
http://www.wikidata.org/entity/Q192115,http://www.wikidata.org/entity/Q1653396,FOLLOWED_BY
http://www.wikidata.org/entity/Q42051,http://www.wikidata.org/entity/Q17738,FOLLOWED_BY
http://www.wikidata.org/entity/Q174555,http://www.wikidata.org/entity/Q188474,FOLLOWED_BY
http://www.wikidata.org/entity/Q174555,http://www.wikidata.org/entity/Q318428,FOLLOWED_BY
http://www.wikidata.org/entity/Q1500141,http://www.wikidata.org/entity/Q1209189,FOLLOWED_BY
http://www.wikidata.org/entity/Q166262,http://www.wikidata.org/entity/Q163872,FOLLOWED_BY
http://www.wikidata.org/entity/Q224130,http://www.wikidata.org/entity/Q390063,FOLLOWED_BY
http://www.wikidata.org/entity/Q841114,http://www.wikidata.org/entity/Q815550,FOLLOWED_BY
http://www.wikidata.org/entity/Q318428,http://www.wikidata.org/entity/Q501348,FOLLOWED_BY
http://www.wikidata.org/entity/Q318428,http://www.wikidata.org/entity/Q245366,FOLLOWED_BY
http://www.wikidata.org/entity/Q270410,http://www.wikidata.org/entity/Q276392,FOLLOWED_BY
http://www.wikidata.org/entity/Q261044,http://www.wikidata.org/entity/Q466383,FOLLOWED_BY
http://www.wikidata.org/entity/Q270940,http://www.wikidata.org/entity/Q221679,FOLLOWED_BY
http://www.wikidata.org/entity/Q102225,http://www.wikidata.org/entity/Q102235,FOLLOWED_BY
http://www.wikidata.org/entity/Q148326,http://www.wikidata.org/entity/Q20762680,FOLLOWED_BY
http://www.wikidata.org/entity/Q485803,http://www.wikidata.org/entity/Q222023,FOLLOWED_BY
http://www.wikidata.org/entity/Q160215,http://www.wikidata.org/entity/Q21203766,FOLLOWED_BY
http://www.wikidata.org/entity/Q842720,http://www.wikidata.org/entity/Q1048645,FOLLOWED_BY
http://www.wikidata.org/entity/Q820811,http://www.wikidata.org/entity/Q858976,FOLLOWED_BY
http://www.wikidata.org/entity/Q646025,http://www.wikidata.org/entity/Q680989,FOLLOWED_BY
http://www.wikidata.org/entity/Q646025,http://www.wikidata.org/entity/Q755715,FOLLOWED_BY
http://www.wikidata.org/entity/Q190910,http://www.wikidata.org/entity/Q179503,FOLLOWED_BY
http://www.wikidata.org/entity/Q288173,http://www.wikidata.org/entity/Q628154,FOLLOWED_BY
http://www.wikidata.org/entity/Q245366,http://www.wikidata.org/entity/Q752301,FOLLOWED_BY
http://www.wikidata.org/entity/Q221168,http://www.wikidata.org/entity/Q217552,FOLLOWED_BY
http://www.wikidata.org/entity/Q161087,http://www.wikidata.org/entity/Q54274,FOLLOWED_BY
http://www.wikidata.org/entity/Q160560,http://www.wikidata.org/entity/Q192934,FOLLOWED_BY
http://www.wikidata.org/entity/Q182153,http://www.wikidata.org/entity/Q170035,FOLLOWED_BY
http://www.wikidata.org/entity/Q182153,http://www.wikidata.org/entity/Q192212,FOLLOWED_BY
http://www.wikidata.org/entity/Q213208,http://www.wikidata.org/entity/Q380996,FOLLOWED_BY
http://www.wikidata.org/entity/Q387601,http://www.wikidata.org/entity/Q476726,FOLLOWED_BY
http://www.wikidata.org/entity/Q1138620,http://www.wikidata.org/entity/Q1066098,FOLLOWED_BY
http://www.wikidata.org/entity/Q464951,http://www.wikidata.org/entity/Q275187,FOLLOWED_BY
http://www.wikidata.org/entity/Q276392,http://www.wikidata.org/entity/Q326319,FOLLOWED_BY
http://www.wikidata.org/entity/Q752301,http://www.wikidata.org/entity/Q486588,FOLLOWED_BY
http://www.wikidata.org/entity/Q724455,http://www.wikidata.org/entity/Q18822138,FOLLOWED_BY
http://www.wikidata.org/entity/Q151904,http://www.wikidata.org/entity/Q181540,FOLLOWED_BY
http://www.wikidata.org/entity/Q841118,http://www.wikidata.org/entity/Q517740,FOLLOWED_BY
http://www.wikidata.org/entity/Q170035,http://www.wikidata.org/entity/Q104905,FOLLOWED_BY
http://www.wikidata.org/entity/Q310617,http://www.wikidata.org/entity/Q44935,FOLLOWED_BY
http://www.wikidata.org/entity/Q41754,http://www.wikidata.org/entity/Q41854,FOLLOWED_BY
http://www.wikidata.org/entity/Q729788,http://www.wikidata.org/entity/Q722379,FOLLOWED_BY
http://www.wikidata.org/entity/Q131390,http://www.wikidata.org/entity/Q400332,FOLLOWED_BY
http://www.wikidata.org/entity/Q221679,http://www.wikidata.org/entity/Q212792,FOLLOWED_BY
http://www.wikidata.org/entity/Q222800,http://www.wikidata.org/entity/Q1090390,FOLLOWED_BY
http://www.wikidata.org/entity/Q486588,http://www.wikidata.org/entity/Q208131,FOLLOWED_BY
http://www.wikidata.org/entity/Q486588,http://www.wikidata.org/entity/Q275167,FOLLOWED_BY
http://www.wikidata.org/entity/Q54274,http://www.wikidata.org/entity/Q183555,FOLLOWED_BY
http://www.wikidata.org/entity/Q50861,http://www.wikidata.org/entity/Q72276,FOLLOWED_BY
http://www.wikidata.org/entity/Q171453,http://www.wikidata.org/entity/Q191100,FOLLOWED_BY
http://www.wikidata.org/entity/Q102235,http://www.wikidata.org/entity/Q161687,FOLLOWED_BY
http://www.wikidata.org/entity/Q107226,http://www.wikidata.org/entity/Q494048,FOLLOWED_BY
http://www.wikidata.org/entity/Q107226,http://www.wikidata.org/entity/Q19481099,FOLLOWED_BY
http://www.wikidata.org/entity/Q909063,http://www.wikidata.org/entity/Q908690,FOLLOWED_BY
http://www.wikidata.org/entity/Q156069,http://www.wikidata.org/entity/Q324557,FOLLOWED_BY
http://www.wikidata.org/entity/Q326319,http://www.wikidata.org/entity/Q326177,FOLLOWED_BY
http://www.wikidata.org/entity/Q282781,http://www.wikidata.org/entity/Q142695,FOLLOWED_BY
http://www.wikidata.org/entity/Q275167,http://www.wikidata.org/entity/Q129193,FOLLOWED_BY
http://www.wikidata.org/entity/Q387348,http://www.wikidata.org/entity/Q378311,FOLLOWED_BY
http://www.wikidata.org/entity/Q792734,http://www.wikidata.org/entity/Q1419091,FOLLOWED_BY
http://www.wikidata.org/entity/Q754474,http://www.wikidata.org/entity/Q1050065,FOLLOWED_BY
http://www.wikidata.org/entity/Q163872,http://www.wikidata.org/entity/Q189330,FOLLOWED_BY
http://www.wikidata.org/entity/Q192724,http://www.wikidata.org/entity/Q205028,FOLLOWED_BY
http://www.wikidata.org/entity/Q192724,http://www.wikidata.org/entity/Q466611,FOLLOWED_BY
http://www.wikidata.org/entity/Q277080,http://www.wikidata.org/entity/Q1057015,FOLLOWED_BY
http://www.wikidata.org/entity/Q222023,http://www.wikidata.org/entity/Q474082,FOLLOWED_BY
http://www.wikidata.org/entity/Q129193,http://www.wikidata.org/entity/Q188474,FOLLOWED_BY
http://www.wikidata.org/entity/Q129193,http://www.wikidata.org/entity/Q487447,FOLLOWED_BY
http://www.wikidata.org/entity/Q466611,http://www.wikidata.org/entity/Q205028,FOLLOWED_BY
http://www.wikidata.org/entity/Q104905,http://www.wikidata.org/entity/Q174811,FOLLOWED_BY
http://www.wikidata.org/entity/Q1419091,http://www.wikidata.org/entity/Q1377330,FOLLOWED_BY
http://www.wikidata.org/entity/Q382289,http://www.wikidata.org/entity/Q42051,FOLLOWED_BY
http://www.wikidata.org/entity/Q1377330,http://www.wikidata.org/entity/Q1259032,FOLLOWED_BY
http://www.wikidata.org/entity/Q181540,http://www.wikidata.org/entity/Q4941,FOLLOWED_BY
http://www.wikidata.org/entity/Q188474,http://www.wikidata.org/entity/Q681918,FOLLOWED_BY
http://www.wikidata.org/entity/Q188474,http://www.wikidata.org/entity/Q244247,FOLLOWED_BY
http://www.wikidata.org/entity/Q326177,http://www.wikidata.org/entity/Q834327,FOLLOWED_BY
http://www.wikidata.org/entity/Q160071,http://www.wikidata.org/entity/Q116928,FOLLOWED_BY
http://www.wikidata.org/entity/Q212792,http://www.wikidata.org/entity/Q171300,FOLLOWED_BY
http://www.wikidata.org/entity/Q755715,http://www.wikidata.org/entity/Q164804,FOLLOWED_BY
http://www.wikidata.org/entity/Q276343,http://www.wikidata.org/entity/Q1165090,FOLLOWED_BY
http://www.wikidata.org/entity/Q681918,http://www.wikidata.org/entity/Q373096,FOLLOWED_BY
http://www.wikidata.org/entity/Q380996,http://www.wikidata.org/entity/Q401976,FOLLOWED_BY
http://www.wikidata.org/entity/Q213081,http://www.wikidata.org/entity/Q171711,FOLLOWED_BY
http://www.wikidata.org/entity/Q217552,http://www.wikidata.org/entity/Q197491,FOLLOWED_BY
http://www.wikidata.org/entity/Q217552,http://www.wikidata.org/entity/Q223596,FOLLOWED_BY
http://www.wikidata.org/entity/Q192934,http://www.wikidata.org/entity/Q18192306,FOLLOWED_BY
http://www.wikidata.org/entity/Q191543,http://www.wikidata.org/entity/Q15140437,FOLLOWED_BY
http://www.wikidata.org/entity/Q476726,http://www.wikidata.org/entity/Q15916752,FOLLOWED_BY
http://www.wikidata.org/entity/Q174811,http://www.wikidata.org/entity/Q187278,FOLLOWED_BY
http://www.wikidata.org/entity/Q219315,http://www.wikidata.org/entity/Q274748,FOLLOWED_BY
http://www.wikidata.org/entity/Q191100,http://www.wikidata.org/entity/Q232774,FOLLOWED_BY
http://www.wikidata.org/entity/Q179503,http://www.wikidata.org/entity/Q35951,FOLLOWED_BY
http://www.wikidata.org/entity/Q161687,http://www.wikidata.org/entity/Q161678,FOLLOWED_BY
http://www.wikidata.org/entity/Q288645,http://www.wikidata.org/entity/Q1146345,FOLLOWED_BY
http://www.wikidata.org/entity/Q116928,http://www.wikidata.org/entity/Q217010,FOLLOWED_BY
http://www.wikidata.org/entity/Q171300,http://www.wikidata.org/entity/Q188439,FOLLOWED_BY
http://www.wikidata.org/entity/Q200396,http://www.wikidata.org/entity/Q243643,FOLLOWED_BY
http://www.wikidata.org/entity/Q466291,http://www.wikidata.org/entity/Q303040,FOLLOWED_BY
http://www.wikidata.org/entity/Q1165090,http://www.wikidata.org/entity/Q1416607,FOLLOWED_BY
http://www.wikidata.org/entity/Q174385,http://www.wikidata.org/entity/Q17485699,FOLLOWED_BY
http://www.wikidata.org/entity/Q925072,http://www.wikidata.org/entity/Q15028220,FOLLOWED_BY
http://www.wikidata.org/entity/Q373096,http://www.wikidata.org/entity/Q208131,FOLLOWED_BY
http://www.wikidata.org/entity/Q373096,http://www.wikidata.org/entity/Q10298666,FOLLOWED_BY
http://www.wikidata.org/entity/Q192979,http://www.wikidata.org/entity/Q226773,FOLLOWED_BY
http://www.wikidata.org/entity/Q2201,http://www.wikidata.org/entity/Q1758468,FOLLOWED_BY
http://www.wikidata.org/entity/Q205028,http://www.wikidata.org/entity/Q217020,FOLLOWED_BY
http://www.wikidata.org/entity/Q205028,http://www.wikidata.org/entity/Q209538,FOLLOWED_BY
http://www.wikidata.org/entity/Q187278,http://www.wikidata.org/entity/Q192212,FOLLOWED_BY
http://www.wikidata.org/entity/Q208131,http://www.wikidata.org/entity/Q324262,FOLLOWED_BY
http://www.wikidata.org/entity/Q208131,http://www.wikidata.org/entity/Q81205,FOLLOWED_BY
http://www.wikidata.org/entity/Q217010,http://www.wikidata.org/entity/Q60506,FOLLOWED_BY
http://www.wikidata.org/entity/Q121810,http://www.wikidata.org/entity/Q5611721,FOLLOWED_BY
http://www.wikidata.org/entity/Q4447,http://www.wikidata.org/entity/Q637212,FOLLOWED_BY
http://www.wikidata.org/entity/Q206374,http://www.wikidata.org/entity/Q210812,FOLLOWED_BY
http://www.wikidata.org/entity/Q858842,http://www.wikidata.org/entity/Q903930,FOLLOWED_BY
http://www.wikidata.org/entity/Q81205,http://www.wikidata.org/entity/Q487447,FOLLOWED_BY
http://www.wikidata.org/entity/Q161678,http://www.wikidata.org/entity/Q232009,FOLLOWED_BY
http://www.wikidata.org/entity/Q188439,http://www.wikidata.org/entity/Q3224298,FOLLOWED_BY
http://www.wikidata.org/entity/Q217020,http://www.wikidata.org/entity/Q1201853,FOLLOWED_BY
http://www.wikidata.org/entity/Q217020,http://www.wikidata.org/entity/Q275120,FOLLOWED_BY
http://www.wikidata.org/entity/Q183555,http://www.wikidata.org/entity/Q10350033,FOLLOWED_BY
http://www.wikidata.org/entity/Q274748,http://www.wikidata.org/entity/Q2708940,FOLLOWED_BY
http://www.wikidata.org/entity/Q401976,http://www.wikidata.org/entity/Q5516100,FOLLOWED_BY
http://www.wikidata.org/entity/Q487447,http://www.wikidata.org/entity/Q324262,FOLLOWED_BY
http://www.wikidata.org/entity/Q487447,http://www.wikidata.org/entity/Q15055043,FOLLOWED_BY
http://www.wikidata.org/entity/Q223596,http://www.wikidata.org/entity/Q4985891,FOLLOWED_BY
http://www.wikidata.org/entity/Q223596,http://www.wikidata.org/entity/Q197491,FOLLOWED_BY
http://www.wikidata.org/entity/Q232774,http://www.wikidata.org/entity/Q6151665,FOLLOWED_BY
http://www.wikidata.org/entity/Q908556,http://www.wikidata.org/entity/Q15275703,FOLLOWED_BY
http://www.wikidata.org/entity/Q192212,http://www.wikidata.org/entity/Q126796,FOLLOWED_BY
http://www.wikidata.org/entity/Q275120,http://www.wikidata.org/entity/Q182218,FOLLOWED_BY
http://www.wikidata.org/entity/Q275120,http://www.wikidata.org/entity/Q1765358,FOLLOWED_BY
http://www.wikidata.org/entity/Q454398,http://www.wikidata.org/entity/Q1253366,FOLLOWED_BY
http://www.wikidata.org/entity/Q243983,http://www.wikidata.org/entity/Q11220194,FOLLOWED_BY
http://www.wikidata.org/entity/Q182218,http://www.wikidata.org/entity/Q209538,FOLLOWED_BY
http://www.wikidata.org/entity/Q182218,http://www.wikidata.org/entity/Q14171368,FOLLOWED_BY
http://www.wikidata.org/entity/Q324262,http://www.wikidata.org/entity/Q244247,FOLLOWED_BY
http://www.wikidata.org/entity/Q980041,http://www.wikidata.org/entity/Q218589,FOLLOWED_BY
http://www.wikidata.org/entity/Q60506,http://www.wikidata.org/entity/Q60487,FOLLOWED_BY
http://www.wikidata.org/entity/Q550558,http://www.wikidata.org/entity/Q4120951,FOLLOWED_BY
http://www.wikidata.org/entity/Q210812,http://www.wikidata.org/entity/Q14370516,FOLLOWED_BY
http://www.wikidata.org/entity/Q494048,http://www.wikidata.org/entity/Q19481099,FOLLOWED_BY
http://www.wikidata.org/entity/Q189330,http://www.wikidata.org/entity/Q14772351,FOLLOWED_BY
http://www.wikidata.org/entity/Q628154,http://www.wikidata.org/entity/Q17548046,FOLLOWED_BY
http://www.wikidata.org/entity/Q212965,http://www.wikidata.org/entity/Q574583,FOLLOWED_BY
http://www.wikidata.org/entity/Q214014,http://www.wikidata.org/entity/Q15040917,FOLLOWED_BY
http://www.wikidata.org/entity/Q1573662,http://www.wikidata.org/entity/Q13385946,FOLLOWED_BY
http://www.wikidata.org/entity/Q624603,http://www.wikidata.org/entity/Q18485021,FOLLOWED_BY
http://www.wikidata.org/entity/Q244247,http://www.wikidata.org/entity/Q136625,FOLLOWED_BY
http://www.wikidata.org/entity/Q126796,http://www.wikidata.org/entity/Q641362,FOLLOWED_BY
http://www.wikidata.org/entity/Q192686,http://www.wikidata.org/entity/Q20430699,FOLLOWED_BY
http://www.wikidata.org/entity/Q641760,http://www.wikidata.org/entity/Q17713411,FOLLOWED_BY
http://www.wikidata.org/entity/Q229808,http://www.wikidata.org/entity/Q4254026,FOLLOWED_BY
http://www.wikidata.org/entity/Q4941,http://www.wikidata.org/entity/Q18602670,FOLLOWED_BY
http://www.wikidata.org/entity/Q137584,http://www.wikidata.org/entity/Q16619265,FOLLOWED_BY
http://www.wikidata.org/entity/Q283586,http://www.wikidata.org/entity/Q13806537,FOLLOWED_BY
http://www.wikidata.org/entity/Q1057015,http://www.wikidata.org/entity/Q16781911,FOLLOWED_BY
http://www.wikidata.org/entity/Q249967,http://www.wikidata.org/entity/Q15270775,FOLLOWED_BY
http://www.wikidata.org/entity/Q59653,http://www.wikidata.org/entity/Q136625,FOLLOWED_BY
http://www.wikidata.org/entity/Q28891,http://www.wikidata.org/entity/Q246283,FOLLOWED_BY
http://www.wikidata.org/entity/Q136625,http://www.wikidata.org/entity/Q495850,FOLLOWED_BY
http://www.wikidata.org/entity/Q80379,http://www.wikidata.org/entity/Q719915,FOLLOWED_BY
http://www.wikidata.org/entity/Q209538,http://www.wikidata.org/entity/Q1201853,FOLLOWED_BY
http://www.wikidata.org/entity/Q171711,http://www.wikidata.org/entity/Q20023116,FOLLOWED_BY
http://www.wikidata.org/entity/Q5516100,http://www.wikidata.org/entity/Q14650496,FOLLOWED_BY
http://www.wikidata.org/entity/Q499851,http://www.wikidata.org/entity/Q18703028,FOLLOWED_BY
http://www.wikidata.org/entity/Q622769,http://www.wikidata.org/entity/Q14772351,FOLLOWED_BY
http://www.wikidata.org/entity/Q7758789,http://www.wikidata.org/entity/Q15728784,FOLLOWED_BY
http://www.wikidata.org/entity/Q641362,http://www.wikidata.org/entity/Q6144664,FOLLOWED_BY
http://www.wikidata.org/entity/Q197491,http://www.wikidata.org/entity/Q4985891,FOLLOWED_BY
http://www.wikidata.org/entity/Q197491,http://www.wikidata.org/entity/Q24053263,FOLLOWED_BY
http://www.wikidata.org/entity/Q1201853,http://www.wikidata.org/entity/Q22665878,FOLLOWED_BY
http://www.wikidata.org/entity/Q1201853,http://www.wikidata.org/entity/Q1765358,FOLLOWED_BY
http://www.wikidata.org/entity/Q719915,http://www.wikidata.org/entity/Q919649,FOLLOWED_BY
http://www.wikidata.org/entity/Q574583,http://www.wikidata.org/entity/Q4142083,FOLLOWED_BY
http://www.wikidata.org/entity/Q246283,http://www.wikidata.org/entity/Q13091172,FOLLOWED_BY
http://www.wikidata.org/entity/Q12127154,http://www.wikidata.org/entity/Q17903453,FOLLOWED_BY
http://www.wikidata.org/entity/Q8561227,http://www.wikidata.org/entity/Q16997069,FOLLOWED_BY
http://www.wikidata.org/entity/Q6929072,http://www.wikidata.org/entity/Q10298666,FOLLOWED_BY
http://www.wikidata.org/entity/Q1765358,http://www.wikidata.org/entity/Q18407657,FOLLOWED_BY
http://www.wikidata.org/entity/Q1765358,http://www.wikidata.org/entity/Q5887360,FOLLOWED_BY
http://www.wikidata.org/entity/Q14802842,http://www.wikidata.org/entity/Q20899742,FOLLOWED_BY
http://www.wikidata.org/entity/Q4985891,http://www.wikidata.org/entity/Q19347291,FOLLOWED_BY
http://www.wikidata.org/entity/Q4985891,http://www.wikidata.org/entity/Q17042878,FOLLOWED_BY
http://www.wikidata.org/entity/Q7731172,http://www.wikidata.org/entity/Q21203766,FOLLOWED_BY
http://www.wikidata.org/entity/Q13582568,http://www.wikidata.org/entity/Q4499813,FOLLOWED_BY
http://www.wikidata.org/entity/Q11220194,http://www.wikidata.org/entity/Q19938437,FOLLOWED_BY
http://www.wikidata.org/entity/Q10298666,http://www.wikidata.org/entity/Q15616479,FOLLOWED_BY
http://www.wikidata.org/entity/Q5887360,http://www.wikidata.org/entity/Q20001199,FOLLOWED_BY
http://www.wikidata.org/entity/Q5887360,http://www.wikidata.org/entity/Q14171368,FOLLOWED_BY
http://www.wikidata.org/entity/Q13099455,http://www.wikidata.org/entity/Q18359358,FOLLOWED_BY
http://www.wikidata.org/entity/Q15732802,http://www.wikidata.org/entity/Q21451640,FOLLOWED_BY
http://www.wikidata.org/entity/Q13091172,http://www.wikidata.org/entity/Q15270647,FOLLOWED_BY
http://www.wikidata.org/entity/Q4142083,http://www.wikidata.org/entity/Q10307713,FOLLOWED_BY
http://www.wikidata.org/entity/Q15616479,http://www.wikidata.org/entity/Q4499813,FOLLOWED_BY
http://www.wikidata.org/entity/Q15616479,http://www.wikidata.org/entity/Q174555,FOLLOWED_BY
http://www.wikidata.org/entity/Q919649,http://www.wikidata.org/entity/Q127367,FOLLOWED_BY
http://www.wikidata.org/entity/Q15068238,http://www.wikidata.org/entity/Q23780457,FOLLOWED_BY
http://www.wikidata.org/entity/Q14171368,http://www.wikidata.org/entity/Q5901134,FOLLOWED_BY
http://www.wikidata.org/entity/Q14171368,http://www.wikidata.org/entity/Q23780914,FOLLOWED_BY
http://www.wikidata.org/entity/Q6074,http://www.wikidata.org/entity/Q19590955,FOLLOWED_BY
http://www.wikidata.org/entity/Q6074,http://www.wikidata.org/entity/Q18486021,FOLLOWED_BY
http://www.wikidata.org/entity/Q19347291,http://www.wikidata.org/entity/Q17042878,FOLLOWED_BY
http://www.wikidata.org/entity/Q23780914,http://www.wikidata.org/entity/Q22957393,FOLLOWED_BY
http://www.wikidata.org/entity/Q22665878,http://www.wikidata.org/entity/Q23780734,FOLLOWED_BY
http://www.wikidata.org/entity/Q5901134,http://www.wikidata.org/entity/Q18407657,FOLLOWED_BY
http://www.wikidata.org/entity/Q5901134,http://www.wikidata.org/entity/Q22957393,FOLLOWED_BY
http://www.wikidata.org/entity/Q20001199,http://www.wikidata.org/entity/Q23010088,FOLLOWED_BY
http://www.wikidata.org/entity/Q23780734,http://www.wikidata.org/entity/Q23780914,FOLLOWED_BY
http://www.wikidata.org/entity/Q18407657,http://www.wikidata.org/entity/Q18406872,FOLLOWED_BY
http://www.wikidata.org/entity/Q18406872,http://www.wikidata.org/entity/Q20001199,FOLLOWED_BY
http://www.wikidata.org/entity/Q23010088,http://www.wikidata.org/entity/Q22665878,FOLLOWED_BY
http://www.wikidata.org/entity/Q17042878,http://www.wikidata.org/entity/Q24053263,FOLLOWED_BY
http://www.wikidata.org/entity/Q4499813,http://www.wikidata.org/entity/Q15055043,FOLLOWED_BY
http://www.wikidata.org/entity/Q14650496,http://www.wikidata.org/entity/Q19829521,FOLLOWED_BY
http://www.wikidata.org/entity/Q6144664,http://www.wikidata.org/entity/Q7737199,FOLLOWED_BY
http://www.wikidata.org/entity/Q18604504,http://www.wikidata.org/entity/Q20502242,FOLLOWED_BY
http://www.wikidata.org/entity/Q13619743,http://www.wikidata.org/entity/Q4447,FOLLOWED_BY
http://www.wikidata.org/entity/Q7737199,http://www.wikidata.org/entity/Q9321426,FOLLOWED_BY
http://www.wikidata.org/entity/Q14772351,http://www.wikidata.org/entity/Q23013169,FOLLOWED_BY
http://www.wikidata.org/entity/Q14772351,http://www.wikidata.org/entity/Q18604504,FOLLOWED_BY
http://www.wikidata.org/entity/Q14772351,http://www.wikidata.org/entity/Q20501835,FOLLOWED_BY
http://www.wikidata.org/entity/Q20502242,http://www.wikidata.org/entity/Q20501835,FOLLOWED_BY
http://www.wikidata.org/entity/Q15270647,http://www.wikidata.org/entity/Q18647981,FOLLOWED_BY
http://www.wikidata.org/entity/Q19590955,http://www.wikidata.org/entity/Q27038847,FOLLOWED_BY
http://www.wikidata.org/entity/Q19590955,http://www.wikidata.org/entity/Q18486021,FOLLOWED_BY
http://www.wikidata.org/entity/Q24053263,http://www.wikidata.org/entity/Q25431158,FOLLOWED_BY
http://www.wikidata.org/entity/Q5815826,http://www.wikidata.org/entity/Q24832112,FOLLOWED_BY
http://www.wikidata.org/entity/Q18486021,http://www.wikidata.org/entity/Q27038847,FOLLOWED_BY
